<annotation>
	<folder></folder>
	<filename>A0_jpg.rf.292a080422ba984985192f413101af41.jpg</filename>
	<path>A0_jpg.rf.292a080422ba984985192f413101af41.jpg</path>
	<source>
		<database>roboflow.ai</database>
	</source>
	<size>
		<width>384</width>
		<height>384</height>
		<depth>3</depth>
	</size>
	<segmented>0</segmented>
	<object>
		<name>A</name>
		<pose>Unspecified</pose>
		<truncated>0</truncated>
		<difficult>0</difficult>
		<occluded>0</occluded>
		<bndbox>
			<xmin>69</xmin>
			<xmax>338</xmax>
			<ymin>110</ymin>
			<ymax>282</ymax>
		</bndbox>
	</object>
</annotation>
