<annotation>
	<folder></folder>
	<filename>A11_jpg.rf.4126b388a474440c970d85a3b2a7bf09.jpg</filename>
	<path>A11_jpg.rf.4126b388a474440c970d85a3b2a7bf09.jpg</path>
	<source>
		<database>roboflow.ai</database>
	</source>
	<size>
		<width>394</width>
		<height>394</height>
		<depth>3</depth>
	</size>
	<segmented>0</segmented>
	<object>
		<name>A</name>
		<pose>Unspecified</pose>
		<truncated>0</truncated>
		<difficult>0</difficult>
		<occluded>0</occluded>
		<bndbox>
			<xmin>90</xmin>
			<xmax>347</xmax>
			<ymin>132</ymin>
			<ymax>332</ymax>
		</bndbox>
	</object>
</annotation>
