<annotation>
	<folder></folder>
	<filename>A13_jpg.rf.4533aea9a6c32fecadcd1d1963e7dc78.jpg</filename>
	<path>A13_jpg.rf.4533aea9a6c32fecadcd1d1963e7dc78.jpg</path>
	<source>
		<database>roboflow.ai</database>
	</source>
	<size>
		<width>416</width>
		<height>416</height>
		<depth>3</depth>
	</size>
	<segmented>0</segmented>
	<object>
		<name>A</name>
		<pose>Unspecified</pose>
		<truncated>0</truncated>
		<difficult>0</difficult>
		<occluded>0</occluded>
		<bndbox>
			<xmin>137</xmin>
			<xmax>333</xmax>
			<ymin>172</ymin>
			<ymax>320</ymax>
		</bndbox>
	</object>
</annotation>
