<annotation>
	<folder></folder>
	<filename>A16_jpg.rf.4792e25fdaf24e4180ae1a9c1513a39a.jpg</filename>
	<path>A16_jpg.rf.4792e25fdaf24e4180ae1a9c1513a39a.jpg</path>
	<source>
		<database>roboflow.ai</database>
	</source>
	<size>
		<width>400</width>
		<height>400</height>
		<depth>3</depth>
	</size>
	<segmented>0</segmented>
	<object>
		<name>A</name>
		<pose>Unspecified</pose>
		<truncated>0</truncated>
		<difficult>0</difficult>
		<occluded>0</occluded>
		<bndbox>
			<xmin>131</xmin>
			<xmax>369</xmax>
			<ymin>113</ymin>
			<ymax>316</ymax>
		</bndbox>
	</object>
</annotation>
