<annotation>
	<folder></folder>
	<filename>A17_jpg.rf.1d8db324964e2d09835b90e5ae59b179.jpg</filename>
	<path>A17_jpg.rf.1d8db324964e2d09835b90e5ae59b179.jpg</path>
	<source>
		<database>roboflow.ai</database>
	</source>
	<size>
		<width>410</width>
		<height>410</height>
		<depth>3</depth>
	</size>
	<segmented>0</segmented>
	<object>
		<name>A</name>
		<pose>Unspecified</pose>
		<truncated>0</truncated>
		<difficult>0</difficult>
		<occluded>0</occluded>
		<bndbox>
			<xmin>145</xmin>
			<xmax>337</xmax>
			<ymin>135</ymin>
			<ymax>276</ymax>
		</bndbox>
	</object>
</annotation>
