<annotation>
	<folder></folder>
	<filename>A1_jpg.rf.3df907205b348d5975bf8db94ec8c092.jpg</filename>
	<path>A1_jpg.rf.3df907205b348d5975bf8db94ec8c092.jpg</path>
	<source>
		<database>roboflow.ai</database>
	</source>
	<size>
		<width>382</width>
		<height>382</height>
		<depth>3</depth>
	</size>
	<segmented>0</segmented>
	<object>
		<name>A</name>
		<pose>Unspecified</pose>
		<truncated>0</truncated>
		<difficult>0</difficult>
		<occluded>0</occluded>
		<bndbox>
			<xmin>52</xmin>
			<xmax>260</xmax>
			<ymin>141</ymin>
			<ymax>302</ymax>
		</bndbox>
	</object>
</annotation>
