<annotation>
	<folder></folder>
	<filename>A21_jpg.rf.25989adc250642785d76ad99c56867a8.jpg</filename>
	<path>A21_jpg.rf.25989adc250642785d76ad99c56867a8.jpg</path>
	<source>
		<database>roboflow.ai</database>
	</source>
	<size>
		<width>376</width>
		<height>376</height>
		<depth>3</depth>
	</size>
	<segmented>0</segmented>
	<object>
		<name>A</name>
		<pose>Unspecified</pose>
		<truncated>0</truncated>
		<difficult>0</difficult>
		<occluded>0</occluded>
		<bndbox>
			<xmin>85</xmin>
			<xmax>354</xmax>
			<ymin>49</ymin>
			<ymax>273</ymax>
		</bndbox>
	</object>
</annotation>
