<annotation>
	<folder></folder>
	<filename>A23_jpg.rf.199528cc21bad70f9424a2cfb92d3207.jpg</filename>
	<path>A23_jpg.rf.199528cc21bad70f9424a2cfb92d3207.jpg</path>
	<source>
		<database>roboflow.ai</database>
	</source>
	<size>
		<width>406</width>
		<height>406</height>
		<depth>3</depth>
	</size>
	<segmented>0</segmented>
	<object>
		<name>A</name>
		<pose>Unspecified</pose>
		<truncated>0</truncated>
		<difficult>0</difficult>
		<occluded>0</occluded>
		<bndbox>
			<xmin>94</xmin>
			<xmax>321</xmax>
			<ymin>114</ymin>
			<ymax>291</ymax>
		</bndbox>
	</object>
</annotation>
