<annotation>
	<folder></folder>
	<filename>A24_jpg.rf.0c548e55630ab5b3682e8267ad1daba2.jpg</filename>
	<path>A24_jpg.rf.0c548e55630ab5b3682e8267ad1daba2.jpg</path>
	<source>
		<database>roboflow.ai</database>
	</source>
	<size>
		<width>376</width>
		<height>376</height>
		<depth>3</depth>
	</size>
	<segmented>0</segmented>
	<object>
		<name>A</name>
		<pose>Unspecified</pose>
		<truncated>0</truncated>
		<difficult>0</difficult>
		<occluded>0</occluded>
		<bndbox>
			<xmin>110</xmin>
			<xmax>345</xmax>
			<ymin>148</ymin>
			<ymax>363</ymax>
		</bndbox>
	</object>
</annotation>
