<annotation>
	<folder></folder>
	<filename>A27_jpg.rf.43d15c227b557017a01eec793a1a73f8.jpg</filename>
	<path>A27_jpg.rf.43d15c227b557017a01eec793a1a73f8.jpg</path>
	<source>
		<database>roboflow.ai</database>
	</source>
	<size>
		<width>384</width>
		<height>384</height>
		<depth>3</depth>
	</size>
	<segmented>0</segmented>
	<object>
		<name>A</name>
		<pose>Unspecified</pose>
		<truncated>0</truncated>
		<difficult>0</difficult>
		<occluded>0</occluded>
		<bndbox>
			<xmin>41</xmin>
			<xmax>260</xmax>
			<ymin>67</ymin>
			<ymax>247</ymax>
		</bndbox>
	</object>
</annotation>
