<annotation>
	<folder></folder>
	<filename>A5_jpg.rf.11920540d5a68fdeed4b584fb24cd063.jpg</filename>
	<path>A5_jpg.rf.11920540d5a68fdeed4b584fb24cd063.jpg</path>
	<source>
		<database>roboflow.ai</database>
	</source>
	<size>
		<width>398</width>
		<height>398</height>
		<depth>3</depth>
	</size>
	<segmented>0</segmented>
	<object>
		<name>A</name>
		<pose>Unspecified</pose>
		<truncated>0</truncated>
		<difficult>0</difficult>
		<occluded>0</occluded>
		<bndbox>
			<xmin>47</xmin>
			<xmax>278</xmax>
			<ymin>122</ymin>
			<ymax>293</ymax>
		</bndbox>
	</object>
</annotation>
