<annotation>
	<folder></folder>
	<filename>B17_jpg.rf.47684bd82b6f784ab02cf17155f9fbd3.jpg</filename>
	<path>B17_jpg.rf.47684bd82b6f784ab02cf17155f9fbd3.jpg</path>
	<source>
		<database>roboflow.ai</database>
	</source>
	<size>
		<width>392</width>
		<height>392</height>
		<depth>3</depth>
	</size>
	<segmented>0</segmented>
	<object>
		<name>B</name>
		<pose>Unspecified</pose>
		<truncated>0</truncated>
		<difficult>0</difficult>
		<occluded>0</occluded>
		<bndbox>
			<xmin>39</xmin>
			<xmax>305</xmax>
			<ymin>47</ymin>
			<ymax>361</ymax>
		</bndbox>
	</object>
</annotation>
