<annotation>
	<folder></folder>
	<filename>B20_jpg.rf.3c4ca5b3504725a29e48f74c7b3b92d6.jpg</filename>
	<path>B20_jpg.rf.3c4ca5b3504725a29e48f74c7b3b92d6.jpg</path>
	<source>
		<database>roboflow.ai</database>
	</source>
	<size>
		<width>374</width>
		<height>374</height>
		<depth>3</depth>
	</size>
	<segmented>0</segmented>
	<object>
		<name>B</name>
		<pose>Unspecified</pose>
		<truncated>0</truncated>
		<difficult>0</difficult>
		<occluded>0</occluded>
		<bndbox>
			<xmin>164</xmin>
			<xmax>325</xmax>
			<ymin>92</ymin>
			<ymax>287</ymax>
		</bndbox>
	</object>
</annotation>
