<annotation>
	<folder></folder>
	<filename>C0_jpg.rf.3a02e62f278a8a5df84948f70bbe7869.jpg</filename>
	<path>C0_jpg.rf.3a02e62f278a8a5df84948f70bbe7869.jpg</path>
	<source>
		<database>roboflow.ai</database>
	</source>
	<size>
		<width>382</width>
		<height>382</height>
		<depth>3</depth>
	</size>
	<segmented>0</segmented>
	<object>
		<name>C</name>
		<pose>Unspecified</pose>
		<truncated>0</truncated>
		<difficult>0</difficult>
		<occluded>0</occluded>
		<bndbox>
			<xmin>1</xmin>
			<xmax>233</xmax>
			<ymin>92</ymin>
			<ymax>359</ymax>
		</bndbox>
	</object>
</annotation>
