<annotation>
	<folder></folder>
	<filename>C11_jpg.rf.34fb9796ca851b3ee71f5192d7282bc3.jpg</filename>
	<path>C11_jpg.rf.34fb9796ca851b3ee71f5192d7282bc3.jpg</path>
	<source>
		<database>roboflow.ai</database>
	</source>
	<size>
		<width>406</width>
		<height>406</height>
		<depth>3</depth>
	</size>
	<segmented>0</segmented>
	<object>
		<name>C</name>
		<pose>Unspecified</pose>
		<truncated>0</truncated>
		<difficult>0</difficult>
		<occluded>0</occluded>
		<bndbox>
			<xmin>37</xmin>
			<xmax>406</xmax>
			<ymin>84</ymin>
			<ymax>406</ymax>
		</bndbox>
	</object>
</annotation>
