<annotation>
	<folder></folder>
	<filename>C12_jpg.rf.0afac9aaffd201400a334cbbf38a518a.jpg</filename>
	<path>C12_jpg.rf.0afac9aaffd201400a334cbbf38a518a.jpg</path>
	<source>
		<database>roboflow.ai</database>
	</source>
	<size>
		<width>406</width>
		<height>406</height>
		<depth>3</depth>
	</size>
	<segmented>0</segmented>
	<object>
		<name>C</name>
		<pose>Unspecified</pose>
		<truncated>0</truncated>
		<difficult>0</difficult>
		<occluded>0</occluded>
		<bndbox>
			<xmin>103</xmin>
			<xmax>291</xmax>
			<ymin>132</ymin>
			<ymax>321</ymax>
		</bndbox>
	</object>
</annotation>
