<annotation>
	<folder></folder>
	<filename>C14_jpg.rf.4990e1d25f4caabefcdfcdc245853913.jpg</filename>
	<path>C14_jpg.rf.4990e1d25f4caabefcdfcdc245853913.jpg</path>
	<source>
		<database>roboflow.ai</database>
	</source>
	<size>
		<width>378</width>
		<height>378</height>
		<depth>3</depth>
	</size>
	<segmented>0</segmented>
	<object>
		<name>C</name>
		<pose>Unspecified</pose>
		<truncated>0</truncated>
		<difficult>0</difficult>
		<occluded>0</occluded>
		<bndbox>
			<xmin>118</xmin>
			<xmax>306</xmax>
			<ymin>57</ymin>
			<ymax>312</ymax>
		</bndbox>
	</object>
</annotation>
