<annotation>
	<folder></folder>
	<filename>C16_jpg.rf.24a70472f7f95f05c947926af1f92427.jpg</filename>
	<path>C16_jpg.rf.24a70472f7f95f05c947926af1f92427.jpg</path>
	<source>
		<database>roboflow.ai</database>
	</source>
	<size>
		<width>396</width>
		<height>396</height>
		<depth>3</depth>
	</size>
	<segmented>0</segmented>
	<object>
		<name>C</name>
		<pose>Unspecified</pose>
		<truncated>0</truncated>
		<difficult>0</difficult>
		<occluded>0</occluded>
		<bndbox>
			<xmin>1</xmin>
			<xmax>300</xmax>
			<ymin>79</ymin>
			<ymax>337</ymax>
		</bndbox>
	</object>
</annotation>
