<annotation>
	<folder></folder>
	<filename>C18_jpg.rf.1f4779c94ba51a17eb060430bfdefe84.jpg</filename>
	<path>C18_jpg.rf.1f4779c94ba51a17eb060430bfdefe84.jpg</path>
	<source>
		<database>roboflow.ai</database>
	</source>
	<size>
		<width>384</width>
		<height>384</height>
		<depth>3</depth>
	</size>
	<segmented>0</segmented>
	<object>
		<name>C</name>
		<pose>Unspecified</pose>
		<truncated>0</truncated>
		<difficult>0</difficult>
		<occluded>0</occluded>
		<bndbox>
			<xmin>76</xmin>
			<xmax>304</xmax>
			<ymin>152</ymin>
			<ymax>384</ymax>
		</bndbox>
	</object>
</annotation>
