<annotation>
	<folder></folder>
	<filename>C18_jpg.rf.3f6c5a43677a27ecbe3a5796b44f8ddf.jpg</filename>
	<path>C18_jpg.rf.3f6c5a43677a27ecbe3a5796b44f8ddf.jpg</path>
	<source>
		<database>roboflow.ai</database>
	</source>
	<size>
		<width>404</width>
		<height>404</height>
		<depth>3</depth>
	</size>
	<segmented>0</segmented>
	<object>
		<name>C</name>
		<pose>Unspecified</pose>
		<truncated>0</truncated>
		<difficult>0</difficult>
		<occluded>0</occluded>
		<bndbox>
			<xmin>86</xmin>
			<xmax>323</xmax>
			<ymin>134</ymin>
			<ymax>386</ymax>
		</bndbox>
	</object>
</annotation>
