<annotation>
	<folder></folder>
	<filename>C2_jpg.rf.1cd7aca8a93b74b211c9fbcb18b96519.jpg</filename>
	<path>C2_jpg.rf.1cd7aca8a93b74b211c9fbcb18b96519.jpg</path>
	<source>
		<database>roboflow.ai</database>
	</source>
	<size>
		<width>392</width>
		<height>392</height>
		<depth>3</depth>
	</size>
	<segmented>0</segmented>
	<object>
		<name>C</name>
		<pose>Unspecified</pose>
		<truncated>0</truncated>
		<difficult>0</difficult>
		<occluded>0</occluded>
		<bndbox>
			<xmin>12</xmin>
			<xmax>392</xmax>
			<ymin>105</ymin>
			<ymax>392</ymax>
		</bndbox>
	</object>
</annotation>
