<annotation>
	<folder></folder>
	<filename>C4_jpg.rf.282bb2916760b438bbb9b4802ca6d51c.jpg</filename>
	<path>C4_jpg.rf.282bb2916760b438bbb9b4802ca6d51c.jpg</path>
	<source>
		<database>roboflow.ai</database>
	</source>
	<size>
		<width>388</width>
		<height>388</height>
		<depth>3</depth>
	</size>
	<segmented>0</segmented>
	<object>
		<name>C</name>
		<pose>Unspecified</pose>
		<truncated>0</truncated>
		<difficult>0</difficult>
		<occluded>0</occluded>
		<bndbox>
			<xmin>1</xmin>
			<xmax>280</xmax>
			<ymin>60</ymin>
			<ymax>388</ymax>
		</bndbox>
	</object>
</annotation>
