<annotation>
	<folder></folder>
	<filename>C4_jpg.rf.45d9308b1e63d4ff55615b0d5e3fa96d.jpg</filename>
	<path>C4_jpg.rf.45d9308b1e63d4ff55615b0d5e3fa96d.jpg</path>
	<source>
		<database>roboflow.ai</database>
	</source>
	<size>
		<width>410</width>
		<height>410</height>
		<depth>3</depth>
	</size>
	<segmented>0</segmented>
	<object>
		<name>C</name>
		<pose>Unspecified</pose>
		<truncated>0</truncated>
		<difficult>0</difficult>
		<occluded>0</occluded>
		<bndbox>
			<xmin>131</xmin>
			<xmax>410</xmax>
			<ymin>80</ymin>
			<ymax>410</ymax>
		</bndbox>
	</object>
</annotation>
