<annotation>
	<folder></folder>
	<filename>C6_jpg.rf.05217144d8c28d1ff7f060bf3210ed2d.jpg</filename>
	<path>C6_jpg.rf.05217144d8c28d1ff7f060bf3210ed2d.jpg</path>
	<source>
		<database>roboflow.ai</database>
	</source>
	<size>
		<width>392</width>
		<height>392</height>
		<depth>3</depth>
	</size>
	<segmented>0</segmented>
	<object>
		<name>C</name>
		<pose>Unspecified</pose>
		<truncated>0</truncated>
		<difficult>0</difficult>
		<occluded>0</occluded>
		<bndbox>
			<xmin>68</xmin>
			<xmax>301</xmax>
			<ymin>46</ymin>
			<ymax>315</ymax>
		</bndbox>
	</object>
</annotation>
