<annotation>
	<folder></folder>
	<filename>D11_jpg.rf.0e1fe6f1474bb8372d381b458576bece.jpg</filename>
	<path>D11_jpg.rf.0e1fe6f1474bb8372d381b458576bece.jpg</path>
	<source>
		<database>roboflow.ai</database>
	</source>
	<size>
		<width>392</width>
		<height>392</height>
		<depth>3</depth>
	</size>
	<segmented>0</segmented>
	<object>
		<name>D</name>
		<pose>Unspecified</pose>
		<truncated>0</truncated>
		<difficult>0</difficult>
		<occluded>0</occluded>
		<bndbox>
			<xmin>105</xmin>
			<xmax>253</xmax>
			<ymin>73</ymin>
			<ymax>272</ymax>
		</bndbox>
	</object>
</annotation>
