<annotation>
	<folder></folder>
	<filename>D13_jpg.rf.43b646db63d3edb337759e6108d70788.jpg</filename>
	<path>D13_jpg.rf.43b646db63d3edb337759e6108d70788.jpg</path>
	<source>
		<database>roboflow.ai</database>
	</source>
	<size>
		<width>412</width>
		<height>412</height>
		<depth>3</depth>
	</size>
	<segmented>0</segmented>
	<object>
		<name>D</name>
		<pose>Unspecified</pose>
		<truncated>0</truncated>
		<difficult>0</difficult>
		<occluded>0</occluded>
		<bndbox>
			<xmin>176</xmin>
			<xmax>362</xmax>
			<ymin>96</ymin>
			<ymax>335</ymax>
		</bndbox>
	</object>
</annotation>
