<annotation>
	<folder></folder>
	<filename>D16_jpg.rf.06a330daa452111410a8420e21ae1657.jpg</filename>
	<path>D16_jpg.rf.06a330daa452111410a8420e21ae1657.jpg</path>
	<source>
		<database>roboflow.ai</database>
	</source>
	<size>
		<width>394</width>
		<height>394</height>
		<depth>3</depth>
	</size>
	<segmented>0</segmented>
	<object>
		<name>D</name>
		<pose>Unspecified</pose>
		<truncated>0</truncated>
		<difficult>0</difficult>
		<occluded>0</occluded>
		<bndbox>
			<xmin>55</xmin>
			<xmax>340</xmax>
			<ymin>48</ymin>
			<ymax>370</ymax>
		</bndbox>
	</object>
</annotation>
