<annotation>
	<folder></folder>
	<filename>D18_jpg.rf.0453a37b304e0dd33a3bd6eaebc34e42.jpg</filename>
	<path>D18_jpg.rf.0453a37b304e0dd33a3bd6eaebc34e42.jpg</path>
	<source>
		<database>roboflow.ai</database>
	</source>
	<size>
		<width>388</width>
		<height>388</height>
		<depth>3</depth>
	</size>
	<segmented>0</segmented>
	<object>
		<name>D</name>
		<pose>Unspecified</pose>
		<truncated>0</truncated>
		<difficult>0</difficult>
		<occluded>0</occluded>
		<bndbox>
			<xmin>42</xmin>
			<xmax>372</xmax>
			<ymin>42</ymin>
			<ymax>388</ymax>
		</bndbox>
	</object>
</annotation>
