<annotation>
	<folder></folder>
	<filename>D19_jpg.rf.199140d37ba69d88a7e923bb895fcd4b.jpg</filename>
	<path>D19_jpg.rf.199140d37ba69d88a7e923bb895fcd4b.jpg</path>
	<source>
		<database>roboflow.ai</database>
	</source>
	<size>
		<width>396</width>
		<height>396</height>
		<depth>3</depth>
	</size>
	<segmented>0</segmented>
	<object>
		<name>D</name>
		<pose>Unspecified</pose>
		<truncated>0</truncated>
		<difficult>0</difficult>
		<occluded>0</occluded>
		<bndbox>
			<xmin>176</xmin>
			<xmax>363</xmax>
			<ymin>107</ymin>
			<ymax>360</ymax>
		</bndbox>
	</object>
</annotation>
