<annotation>
	<folder></folder>
	<filename>D22_jpg.rf.2713c3dcf25bc42a47fc94f8b348c215.jpg</filename>
	<path>D22_jpg.rf.2713c3dcf25bc42a47fc94f8b348c215.jpg</path>
	<source>
		<database>roboflow.ai</database>
	</source>
	<size>
		<width>382</width>
		<height>382</height>
		<depth>3</depth>
	</size>
	<segmented>0</segmented>
	<object>
		<name>D</name>
		<pose>Unspecified</pose>
		<truncated>0</truncated>
		<difficult>0</difficult>
		<occluded>0</occluded>
		<bndbox>
			<xmin>161</xmin>
			<xmax>339</xmax>
			<ymin>120</ymin>
			<ymax>362</ymax>
		</bndbox>
	</object>
</annotation>
