<annotation>
	<folder></folder>
	<filename>D23_jpg.rf.27b0f27ac69ac1a2f0f72578d1c60bc7.jpg</filename>
	<path>D23_jpg.rf.27b0f27ac69ac1a2f0f72578d1c60bc7.jpg</path>
	<source>
		<database>roboflow.ai</database>
	</source>
	<size>
		<width>384</width>
		<height>384</height>
		<depth>3</depth>
	</size>
	<segmented>0</segmented>
	<object>
		<name>D</name>
		<pose>Unspecified</pose>
		<truncated>0</truncated>
		<difficult>0</difficult>
		<occluded>0</occluded>
		<bndbox>
			<xmin>82</xmin>
			<xmax>384</xmax>
			<ymin>31</ymin>
			<ymax>384</ymax>
		</bndbox>
	</object>
</annotation>
