<annotation>
	<folder></folder>
	<filename>D23_jpg.rf.140903c8c5f194371c7424003505399c.jpg</filename>
	<path>D23_jpg.rf.140903c8c5f194371c7424003505399c.jpg</path>
	<source>
		<database>roboflow.ai</database>
	</source>
	<size>
		<width>392</width>
		<height>392</height>
		<depth>3</depth>
	</size>
	<segmented>0</segmented>
	<object>
		<name>D</name>
		<pose>Unspecified</pose>
		<truncated>0</truncated>
		<difficult>0</difficult>
		<occluded>0</occluded>
		<bndbox>
			<xmin>7</xmin>
			<xmax>317</xmax>
			<ymin>10</ymin>
			<ymax>378</ymax>
		</bndbox>
	</object>
</annotation>
