<annotation>
	<folder></folder>
	<filename>D3_jpg.rf.1d937c0e64141083b4b634f3b9a7eea9.jpg</filename>
	<path>D3_jpg.rf.1d937c0e64141083b4b634f3b9a7eea9.jpg</path>
	<source>
		<database>roboflow.ai</database>
	</source>
	<size>
		<width>394</width>
		<height>394</height>
		<depth>3</depth>
	</size>
	<segmented>0</segmented>
	<object>
		<name>D</name>
		<pose>Unspecified</pose>
		<truncated>0</truncated>
		<difficult>0</difficult>
		<occluded>0</occluded>
		<bndbox>
			<xmin>165</xmin>
			<xmax>326</xmax>
			<ymin>136</ymin>
			<ymax>359</ymax>
		</bndbox>
	</object>
</annotation>
