<annotation>
	<folder></folder>
	<filename>D5_jpg.rf.120762cfe888b11fd68ca6e0de2739a7.jpg</filename>
	<path>D5_jpg.rf.120762cfe888b11fd68ca6e0de2739a7.jpg</path>
	<source>
		<database>roboflow.ai</database>
	</source>
	<size>
		<width>374</width>
		<height>374</height>
		<depth>3</depth>
	</size>
	<segmented>0</segmented>
	<object>
		<name>D</name>
		<pose>Unspecified</pose>
		<truncated>0</truncated>
		<difficult>0</difficult>
		<occluded>0</occluded>
		<bndbox>
			<xmin>77</xmin>
			<xmax>278</xmax>
			<ymin>62</ymin>
			<ymax>318</ymax>
		</bndbox>
	</object>
</annotation>
