<annotation>
	<folder></folder>
	<filename>D6_jpg.rf.01867634b70d3f9ea5adbb09d9643830.jpg</filename>
	<path>D6_jpg.rf.01867634b70d3f9ea5adbb09d9643830.jpg</path>
	<source>
		<database>roboflow.ai</database>
	</source>
	<size>
		<width>412</width>
		<height>412</height>
		<depth>3</depth>
	</size>
	<segmented>0</segmented>
	<object>
		<name>D</name>
		<pose>Unspecified</pose>
		<truncated>0</truncated>
		<difficult>0</difficult>
		<occluded>0</occluded>
		<bndbox>
			<xmin>61</xmin>
			<xmax>270</xmax>
			<ymin>104</ymin>
			<ymax>368</ymax>
		</bndbox>
	</object>
</annotation>
