<annotation>
	<folder></folder>
	<filename>D9_jpg.rf.3250856285c1a522ba86b3135b5dd6bc.jpg</filename>
	<path>D9_jpg.rf.3250856285c1a522ba86b3135b5dd6bc.jpg</path>
	<source>
		<database>roboflow.ai</database>
	</source>
	<size>
		<width>380</width>
		<height>380</height>
		<depth>3</depth>
	</size>
	<segmented>0</segmented>
	<object>
		<name>D</name>
		<pose>Unspecified</pose>
		<truncated>0</truncated>
		<difficult>0</difficult>
		<occluded>0</occluded>
		<bndbox>
			<xmin>143</xmin>
			<xmax>380</xmax>
			<ymin>80</ymin>
			<ymax>380</ymax>
		</bndbox>
	</object>
</annotation>
