<annotation>
	<folder></folder>
	<filename>E11_jpg.rf.36d9fe2054ede595e2900c038368c6a9.jpg</filename>
	<path>E11_jpg.rf.36d9fe2054ede595e2900c038368c6a9.jpg</path>
	<source>
		<database>roboflow.ai</database>
	</source>
	<size>
		<width>400</width>
		<height>400</height>
		<depth>3</depth>
	</size>
	<segmented>0</segmented>
	<object>
		<name>E</name>
		<pose>Unspecified</pose>
		<truncated>0</truncated>
		<difficult>0</difficult>
		<occluded>0</occluded>
		<bndbox>
			<xmin>92</xmin>
			<xmax>279</xmax>
			<ymin>81</ymin>
			<ymax>269</ymax>
		</bndbox>
	</object>
</annotation>
