<annotation>
	<folder></folder>
	<filename>E14_jpg.rf.099b7c532a31aed9e59b72301ea13303.jpg</filename>
	<path>E14_jpg.rf.099b7c532a31aed9e59b72301ea13303.jpg</path>
	<source>
		<database>roboflow.ai</database>
	</source>
	<size>
		<width>388</width>
		<height>388</height>
		<depth>3</depth>
	</size>
	<segmented>0</segmented>
	<object>
		<name>E</name>
		<pose>Unspecified</pose>
		<truncated>0</truncated>
		<difficult>0</difficult>
		<occluded>0</occluded>
		<bndbox>
			<xmin>26</xmin>
			<xmax>297</xmax>
			<ymin>91</ymin>
			<ymax>319</ymax>
		</bndbox>
	</object>
</annotation>
