<annotation>
	<folder></folder>
	<filename>E17_jpg.rf.2141c09792f184b420512093b737496a.jpg</filename>
	<path>E17_jpg.rf.2141c09792f184b420512093b737496a.jpg</path>
	<source>
		<database>roboflow.ai</database>
	</source>
	<size>
		<width>402</width>
		<height>402</height>
		<depth>3</depth>
	</size>
	<segmented>0</segmented>
	<object>
		<name>E</name>
		<pose>Unspecified</pose>
		<truncated>0</truncated>
		<difficult>0</difficult>
		<occluded>0</occluded>
		<bndbox>
			<xmin>95</xmin>
			<xmax>290</xmax>
			<ymin>120</ymin>
			<ymax>309</ymax>
		</bndbox>
	</object>
</annotation>
