<annotation>
	<folder></folder>
	<filename>E20_jpg.rf.18f9c75a3a3244f17baa72a083b7b604.jpg</filename>
	<path>E20_jpg.rf.18f9c75a3a3244f17baa72a083b7b604.jpg</path>
	<source>
		<database>roboflow.ai</database>
	</source>
	<size>
		<width>398</width>
		<height>398</height>
		<depth>3</depth>
	</size>
	<segmented>0</segmented>
	<object>
		<name>E</name>
		<pose>Unspecified</pose>
		<truncated>0</truncated>
		<difficult>0</difficult>
		<occluded>0</occluded>
		<bndbox>
			<xmin>57</xmin>
			<xmax>224</xmax>
			<ymin>152</ymin>
			<ymax>305</ymax>
		</bndbox>
	</object>
</annotation>
