<annotation>
	<folder></folder>
	<filename>E21_jpg.rf.02bd3a1ec0e99694816e883b8de32942.jpg</filename>
	<path>E21_jpg.rf.02bd3a1ec0e99694816e883b8de32942.jpg</path>
	<source>
		<database>roboflow.ai</database>
	</source>
	<size>
		<width>416</width>
		<height>416</height>
		<depth>3</depth>
	</size>
	<segmented>0</segmented>
	<object>
		<name>E</name>
		<pose>Unspecified</pose>
		<truncated>0</truncated>
		<difficult>0</difficult>
		<occluded>0</occluded>
		<bndbox>
			<xmin>58</xmin>
			<xmax>280</xmax>
			<ymin>134</ymin>
			<ymax>334</ymax>
		</bndbox>
	</object>
</annotation>
