<annotation>
	<folder></folder>
	<filename>E22_jpg.rf.0d35c68e32b19d9a549399ba02f34469.jpg</filename>
	<path>E22_jpg.rf.0d35c68e32b19d9a549399ba02f34469.jpg</path>
	<source>
		<database>roboflow.ai</database>
	</source>
	<size>
		<width>388</width>
		<height>388</height>
		<depth>3</depth>
	</size>
	<segmented>0</segmented>
	<object>
		<name>E</name>
		<pose>Unspecified</pose>
		<truncated>0</truncated>
		<difficult>0</difficult>
		<occluded>0</occluded>
		<bndbox>
			<xmin>39</xmin>
			<xmax>294</xmax>
			<ymin>61</ymin>
			<ymax>307</ymax>
		</bndbox>
	</object>
</annotation>
