<annotation>
	<folder></folder>
	<filename>E24_jpg.rf.41db0e0cc4f0f0041c9d08d0a40b683b.jpg</filename>
	<path>E24_jpg.rf.41db0e0cc4f0f0041c9d08d0a40b683b.jpg</path>
	<source>
		<database>roboflow.ai</database>
	</source>
	<size>
		<width>378</width>
		<height>378</height>
		<depth>3</depth>
	</size>
	<segmented>0</segmented>
	<object>
		<name>E</name>
		<pose>Unspecified</pose>
		<truncated>0</truncated>
		<difficult>0</difficult>
		<occluded>0</occluded>
		<bndbox>
			<xmin>72</xmin>
			<xmax>307</xmax>
			<ymin>56</ymin>
			<ymax>289</ymax>
		</bndbox>
	</object>
</annotation>
