<annotation>
	<folder></folder>
	<filename>E3_jpg.rf.2d1c20e9ad51d82bc146b2638c62d694.jpg</filename>
	<path>E3_jpg.rf.2d1c20e9ad51d82bc146b2638c62d694.jpg</path>
	<source>
		<database>roboflow.ai</database>
	</source>
	<size>
		<width>400</width>
		<height>400</height>
		<depth>3</depth>
	</size>
	<segmented>0</segmented>
	<object>
		<name>E</name>
		<pose>Unspecified</pose>
		<truncated>0</truncated>
		<difficult>0</difficult>
		<occluded>0</occluded>
		<bndbox>
			<xmin>55</xmin>
			<xmax>343</xmax>
			<ymin>159</ymin>
			<ymax>400</ymax>
		</bndbox>
	</object>
</annotation>
