<annotation>
	<folder></folder>
	<filename>E5_jpg.rf.111a1b031fe5df1b3fb24f23019a55b7.jpg</filename>
	<path>E5_jpg.rf.111a1b031fe5df1b3fb24f23019a55b7.jpg</path>
	<source>
		<database>roboflow.ai</database>
	</source>
	<size>
		<width>378</width>
		<height>378</height>
		<depth>3</depth>
	</size>
	<segmented>0</segmented>
	<object>
		<name>E</name>
		<pose>Unspecified</pose>
		<truncated>0</truncated>
		<difficult>0</difficult>
		<occluded>0</occluded>
		<bndbox>
			<xmin>51</xmin>
			<xmax>210</xmax>
			<ymin>177</ymin>
			<ymax>333</ymax>
		</bndbox>
	</object>
</annotation>
