<annotation>
	<folder></folder>
	<filename>E8_jpg.rf.3a37a15d81bddd0e01b36294b3a51016.jpg</filename>
	<path>E8_jpg.rf.3a37a15d81bddd0e01b36294b3a51016.jpg</path>
	<source>
		<database>roboflow.ai</database>
	</source>
	<size>
		<width>374</width>
		<height>374</height>
		<depth>3</depth>
	</size>
	<segmented>0</segmented>
	<object>
		<name>E</name>
		<pose>Unspecified</pose>
		<truncated>0</truncated>
		<difficult>0</difficult>
		<occluded>0</occluded>
		<bndbox>
			<xmin>36</xmin>
			<xmax>232</xmax>
			<ymin>119</ymin>
			<ymax>317</ymax>
		</bndbox>
	</object>
</annotation>
