<annotation>
	<folder></folder>
	<filename>E9_jpg.rf.15357b0c33510b84dc822870ed1275a3.jpg</filename>
	<path>E9_jpg.rf.15357b0c33510b84dc822870ed1275a3.jpg</path>
	<source>
		<database>roboflow.ai</database>
	</source>
	<size>
		<width>374</width>
		<height>374</height>
		<depth>3</depth>
	</size>
	<segmented>0</segmented>
	<object>
		<name>E</name>
		<pose>Unspecified</pose>
		<truncated>0</truncated>
		<difficult>0</difficult>
		<occluded>0</occluded>
		<bndbox>
			<xmin>28</xmin>
			<xmax>260</xmax>
			<ymin>40</ymin>
			<ymax>270</ymax>
		</bndbox>
	</object>
</annotation>
