<annotation>
	<folder></folder>
	<filename>F1_jpg.rf.45e58e9dc2196990d17131271f112f66.jpg</filename>
	<path>F1_jpg.rf.45e58e9dc2196990d17131271f112f66.jpg</path>
	<source>
		<database>roboflow.ai</database>
	</source>
	<size>
		<width>380</width>
		<height>380</height>
		<depth>3</depth>
	</size>
	<segmented>0</segmented>
	<object>
		<name>F</name>
		<pose>Unspecified</pose>
		<truncated>0</truncated>
		<difficult>0</difficult>
		<occluded>0</occluded>
		<bndbox>
			<xmin>44</xmin>
			<xmax>258</xmax>
			<ymin>46</ymin>
			<ymax>327</ymax>
		</bndbox>
	</object>
</annotation>
