<annotation>
	<folder></folder>
	<filename>F1_jpg.rf.3a7320cc94f5c1c0635c025044208abf.jpg</filename>
	<path>F1_jpg.rf.3a7320cc94f5c1c0635c025044208abf.jpg</path>
	<source>
		<database>roboflow.ai</database>
	</source>
	<size>
		<width>406</width>
		<height>406</height>
		<depth>3</depth>
	</size>
	<segmented>0</segmented>
	<object>
		<name>F</name>
		<pose>Unspecified</pose>
		<truncated>0</truncated>
		<difficult>0</difficult>
		<occluded>0</occluded>
		<bndbox>
			<xmin>140</xmin>
			<xmax>346</xmax>
			<ymin>51</ymin>
			<ymax>329</ymax>
		</bndbox>
	</object>
</annotation>
