<annotation>
	<folder></folder>
	<filename>F22_jpg.rf.203feff812b6af7fb2f3c76ec919416d.jpg</filename>
	<path>F22_jpg.rf.203feff812b6af7fb2f3c76ec919416d.jpg</path>
	<source>
		<database>roboflow.ai</database>
	</source>
	<size>
		<width>400</width>
		<height>400</height>
		<depth>3</depth>
	</size>
	<segmented>0</segmented>
	<object>
		<name>F</name>
		<pose>Unspecified</pose>
		<truncated>0</truncated>
		<difficult>0</difficult>
		<occluded>0</occluded>
		<bndbox>
			<xmin>58</xmin>
			<xmax>331</xmax>
			<ymin>42</ymin>
			<ymax>394</ymax>
		</bndbox>
	</object>
</annotation>
