<annotation>
	<folder></folder>
	<filename>F26_jpg.rf.04b690cb8e2f6349e6e2091dc246230b.jpg</filename>
	<path>F26_jpg.rf.04b690cb8e2f6349e6e2091dc246230b.jpg</path>
	<source>
		<database>roboflow.ai</database>
	</source>
	<size>
		<width>392</width>
		<height>392</height>
		<depth>3</depth>
	</size>
	<segmented>0</segmented>
	<object>
		<name>F</name>
		<pose>Unspecified</pose>
		<truncated>0</truncated>
		<difficult>0</difficult>
		<occluded>0</occluded>
		<bndbox>
			<xmin>113</xmin>
			<xmax>316</xmax>
			<ymin>71</ymin>
			<ymax>299</ymax>
		</bndbox>
	</object>
</annotation>
