<annotation>
	<folder></folder>
	<filename>F2_jpg.rf.3195e385b2d7b76bdf43f3cfb991fcca.jpg</filename>
	<path>F2_jpg.rf.3195e385b2d7b76bdf43f3cfb991fcca.jpg</path>
	<source>
		<database>roboflow.ai</database>
	</source>
	<size>
		<width>378</width>
		<height>378</height>
		<depth>3</depth>
	</size>
	<segmented>0</segmented>
	<object>
		<name>F</name>
		<pose>Unspecified</pose>
		<truncated>0</truncated>
		<difficult>0</difficult>
		<occluded>0</occluded>
		<bndbox>
			<xmin>74</xmin>
			<xmax>373</xmax>
			<ymin>88</ymin>
			<ymax>370</ymax>
		</bndbox>
	</object>
</annotation>
