<annotation>
	<folder></folder>
	<filename>F7_jpg.rf.09c9ccc1226c5afeb66e2243ad08abc1.jpg</filename>
	<path>F7_jpg.rf.09c9ccc1226c5afeb66e2243ad08abc1.jpg</path>
	<source>
		<database>roboflow.ai</database>
	</source>
	<size>
		<width>396</width>
		<height>396</height>
		<depth>3</depth>
	</size>
	<segmented>0</segmented>
	<object>
		<name>F</name>
		<pose>Unspecified</pose>
		<truncated>0</truncated>
		<difficult>0</difficult>
		<occluded>0</occluded>
		<bndbox>
			<xmin>95</xmin>
			<xmax>385</xmax>
			<ymin>107</ymin>
			<ymax>396</ymax>
		</bndbox>
	</object>
</annotation>
