<annotation>
	<folder></folder>
	<filename>G10_jpg.rf.09d37c9b35d2d18288601e9af1b0c6aa.jpg</filename>
	<path>G10_jpg.rf.09d37c9b35d2d18288601e9af1b0c6aa.jpg</path>
	<source>
		<database>roboflow.ai</database>
	</source>
	<size>
		<width>406</width>
		<height>406</height>
		<depth>3</depth>
	</size>
	<segmented>0</segmented>
	<object>
		<name>G</name>
		<pose>Unspecified</pose>
		<truncated>0</truncated>
		<difficult>0</difficult>
		<occluded>0</occluded>
		<bndbox>
			<xmin>83</xmin>
			<xmax>331</xmax>
			<ymin>146</ymin>
			<ymax>302</ymax>
		</bndbox>
	</object>
</annotation>
