<annotation>
	<folder></folder>
	<filename>G10_jpg.rf.2ddc37c5b69f1b2fed57e5bb4d24a76d.jpg</filename>
	<path>G10_jpg.rf.2ddc37c5b69f1b2fed57e5bb4d24a76d.jpg</path>
	<source>
		<database>roboflow.ai</database>
	</source>
	<size>
		<width>406</width>
		<height>406</height>
		<depth>3</depth>
	</size>
	<segmented>0</segmented>
	<object>
		<name>G</name>
		<pose>Unspecified</pose>
		<truncated>0</truncated>
		<difficult>0</difficult>
		<occluded>0</occluded>
		<bndbox>
			<xmin>76</xmin>
			<xmax>323</xmax>
			<ymin>155</ymin>
			<ymax>299</ymax>
		</bndbox>
	</object>
</annotation>
