<annotation>
	<folder></folder>
	<filename>G13_jpg.rf.489885afbbdcafca479ea1abf7000047.jpg</filename>
	<path>G13_jpg.rf.489885afbbdcafca479ea1abf7000047.jpg</path>
	<source>
		<database>roboflow.ai</database>
	</source>
	<size>
		<width>374</width>
		<height>374</height>
		<depth>3</depth>
	</size>
	<segmented>0</segmented>
	<object>
		<name>G</name>
		<pose>Unspecified</pose>
		<truncated>0</truncated>
		<difficult>0</difficult>
		<occluded>0</occluded>
		<bndbox>
			<xmin>32</xmin>
			<xmax>341</xmax>
			<ymin>127</ymin>
			<ymax>281</ymax>
		</bndbox>
	</object>
</annotation>
