<annotation>
	<folder></folder>
	<filename>G14_jpg.rf.2ffcf532fd38f708a7120fee5dd790f6.jpg</filename>
	<path>G14_jpg.rf.2ffcf532fd38f708a7120fee5dd790f6.jpg</path>
	<source>
		<database>roboflow.ai</database>
	</source>
	<size>
		<width>406</width>
		<height>406</height>
		<depth>3</depth>
	</size>
	<segmented>0</segmented>
	<object>
		<name>G</name>
		<pose>Unspecified</pose>
		<truncated>0</truncated>
		<difficult>0</difficult>
		<occluded>0</occluded>
		<bndbox>
			<xmin>99</xmin>
			<xmax>361</xmax>
			<ymin>128</ymin>
			<ymax>285</ymax>
		</bndbox>
	</object>
</annotation>
