<annotation>
	<folder></folder>
	<filename>G14_jpg.rf.31b6b422b2e73367f2d4faf5f25ea235.jpg</filename>
	<path>G14_jpg.rf.31b6b422b2e73367f2d4faf5f25ea235.jpg</path>
	<source>
		<database>roboflow.ai</database>
	</source>
	<size>
		<width>412</width>
		<height>412</height>
		<depth>3</depth>
	</size>
	<segmented>0</segmented>
	<object>
		<name>G</name>
		<pose>Unspecified</pose>
		<truncated>0</truncated>
		<difficult>0</difficult>
		<occluded>0</occluded>
		<bndbox>
			<xmin>53</xmin>
			<xmax>308</xmax>
			<ymin>130</ymin>
			<ymax>267</ymax>
		</bndbox>
	</object>
</annotation>
