<annotation>
	<folder></folder>
	<filename>G15_jpg.rf.1fdc3b53e6e18e7daceaaf0f134a8f2d.jpg</filename>
	<path>G15_jpg.rf.1fdc3b53e6e18e7daceaaf0f134a8f2d.jpg</path>
	<source>
		<database>roboflow.ai</database>
	</source>
	<size>
		<width>408</width>
		<height>408</height>
		<depth>3</depth>
	</size>
	<segmented>0</segmented>
	<object>
		<name>G</name>
		<pose>Unspecified</pose>
		<truncated>0</truncated>
		<difficult>0</difficult>
		<occluded>0</occluded>
		<bndbox>
			<xmin>46</xmin>
			<xmax>408</xmax>
			<ymin>187</ymin>
			<ymax>408</ymax>
		</bndbox>
	</object>
</annotation>
