<annotation>
	<folder></folder>
	<filename>G16_jpg.rf.20bbfcc529e2547722dfaf6913421a1c.jpg</filename>
	<path>G16_jpg.rf.20bbfcc529e2547722dfaf6913421a1c.jpg</path>
	<source>
		<database>roboflow.ai</database>
	</source>
	<size>
		<width>410</width>
		<height>410</height>
		<depth>3</depth>
	</size>
	<segmented>0</segmented>
	<object>
		<name>G</name>
		<pose>Unspecified</pose>
		<truncated>0</truncated>
		<difficult>0</difficult>
		<occluded>0</occluded>
		<bndbox>
			<xmin>1</xmin>
			<xmax>370</xmax>
			<ymin>141</ymin>
			<ymax>342</ymax>
		</bndbox>
	</object>
</annotation>
