<annotation>
	<folder></folder>
	<filename>G19_jpg.rf.25d4889a31164b3494f515798ea33f3e.jpg</filename>
	<path>G19_jpg.rf.25d4889a31164b3494f515798ea33f3e.jpg</path>
	<source>
		<database>roboflow.ai</database>
	</source>
	<size>
		<width>404</width>
		<height>404</height>
		<depth>3</depth>
	</size>
	<segmented>0</segmented>
	<object>
		<name>G</name>
		<pose>Unspecified</pose>
		<truncated>0</truncated>
		<difficult>0</difficult>
		<occluded>0</occluded>
		<bndbox>
			<xmin>88</xmin>
			<xmax>404</xmax>
			<ymin>145</ymin>
			<ymax>404</ymax>
		</bndbox>
	</object>
</annotation>
