<annotation>
	<folder></folder>
	<filename>G27_jpg.rf.15efbdf665e48ddb06113e3dd4aeefe1.jpg</filename>
	<path>G27_jpg.rf.15efbdf665e48ddb06113e3dd4aeefe1.jpg</path>
	<source>
		<database>roboflow.ai</database>
	</source>
	<size>
		<width>382</width>
		<height>382</height>
		<depth>3</depth>
	</size>
	<segmented>0</segmented>
	<object>
		<name>G</name>
		<pose>Unspecified</pose>
		<truncated>0</truncated>
		<difficult>0</difficult>
		<occluded>0</occluded>
		<bndbox>
			<xmin>83</xmin>
			<xmax>382</xmax>
			<ymin>111</ymin>
			<ymax>304</ymax>
		</bndbox>
	</object>
</annotation>
