<annotation>
	<folder></folder>
	<filename>G28_jpg.rf.4a10032944135ba76a28cd983c12ef82.jpg</filename>
	<path>G28_jpg.rf.4a10032944135ba76a28cd983c12ef82.jpg</path>
	<source>
		<database>roboflow.ai</database>
	</source>
	<size>
		<width>388</width>
		<height>388</height>
		<depth>3</depth>
	</size>
	<segmented>0</segmented>
	<object>
		<name>G</name>
		<pose>Unspecified</pose>
		<truncated>0</truncated>
		<difficult>0</difficult>
		<occluded>0</occluded>
		<bndbox>
			<xmin>87</xmin>
			<xmax>344</xmax>
			<ymin>170</ymin>
			<ymax>296</ymax>
		</bndbox>
	</object>
</annotation>
