<annotation>
	<folder></folder>
	<filename>G29_jpg.rf.0d1ebc2b56c839d26c50c9cfa27f95af.jpg</filename>
	<path>G29_jpg.rf.0d1ebc2b56c839d26c50c9cfa27f95af.jpg</path>
	<source>
		<database>roboflow.ai</database>
	</source>
	<size>
		<width>400</width>
		<height>400</height>
		<depth>3</depth>
	</size>
	<segmented>0</segmented>
	<object>
		<name>G</name>
		<pose>Unspecified</pose>
		<truncated>0</truncated>
		<difficult>0</difficult>
		<occluded>0</occluded>
		<bndbox>
			<xmin>15</xmin>
			<xmax>355</xmax>
			<ymin>179</ymin>
			<ymax>365</ymax>
		</bndbox>
	</object>
</annotation>
