<annotation>
	<folder></folder>
	<filename>G8_jpg.rf.1c5dfe424c343ada7600387526c29ca1.jpg</filename>
	<path>G8_jpg.rf.1c5dfe424c343ada7600387526c29ca1.jpg</path>
	<source>
		<database>roboflow.ai</database>
	</source>
	<size>
		<width>380</width>
		<height>380</height>
		<depth>3</depth>
	</size>
	<segmented>0</segmented>
	<object>
		<name>G</name>
		<pose>Unspecified</pose>
		<truncated>0</truncated>
		<difficult>0</difficult>
		<occluded>0</occluded>
		<bndbox>
			<xmin>148</xmin>
			<xmax>301</xmax>
			<ymin>154</ymin>
			<ymax>240</ymax>
		</bndbox>
	</object>
</annotation>
