<annotation>
	<folder></folder>
	<filename>H10_jpg.rf.1dfa83e4fb441b6e63a1479f00cc2ada.jpg</filename>
	<path>H10_jpg.rf.1dfa83e4fb441b6e63a1479f00cc2ada.jpg</path>
	<source>
		<database>roboflow.ai</database>
	</source>
	<size>
		<width>374</width>
		<height>374</height>
		<depth>3</depth>
	</size>
	<segmented>0</segmented>
	<object>
		<name>H</name>
		<pose>Unspecified</pose>
		<truncated>0</truncated>
		<difficult>0</difficult>
		<occluded>0</occluded>
		<bndbox>
			<xmin>63</xmin>
			<xmax>280</xmax>
			<ymin>84</ymin>
			<ymax>194</ymax>
		</bndbox>
	</object>
</annotation>
