<annotation>
	<folder></folder>
	<filename>H11_jpg.rf.2ad995e8992c5bb20f26b49b384c9dfc.jpg</filename>
	<path>H11_jpg.rf.2ad995e8992c5bb20f26b49b384c9dfc.jpg</path>
	<source>
		<database>roboflow.ai</database>
	</source>
	<size>
		<width>400</width>
		<height>400</height>
		<depth>3</depth>
	</size>
	<segmented>0</segmented>
	<object>
		<name>H</name>
		<pose>Unspecified</pose>
		<truncated>0</truncated>
		<difficult>0</difficult>
		<occluded>0</occluded>
		<bndbox>
			<xmin>60</xmin>
			<xmax>340</xmax>
			<ymin>150</ymin>
			<ymax>295</ymax>
		</bndbox>
	</object>
</annotation>
