<annotation>
	<folder></folder>
	<filename>H12_jpg.rf.23a256df86644a4451a2c1d4ca56002d.jpg</filename>
	<path>H12_jpg.rf.23a256df86644a4451a2c1d4ca56002d.jpg</path>
	<source>
		<database>roboflow.ai</database>
	</source>
	<size>
		<width>378</width>
		<height>378</height>
		<depth>3</depth>
	</size>
	<segmented>0</segmented>
	<object>
		<name>H</name>
		<pose>Unspecified</pose>
		<truncated>0</truncated>
		<difficult>0</difficult>
		<occluded>0</occluded>
		<bndbox>
			<xmin>116</xmin>
			<xmax>296</xmax>
			<ymin>154</ymin>
			<ymax>265</ymax>
		</bndbox>
	</object>
</annotation>
