<annotation>
	<folder></folder>
	<filename>H20_jpg.rf.2a387c4b793702418b600c8e3b4370c4.jpg</filename>
	<path>H20_jpg.rf.2a387c4b793702418b600c8e3b4370c4.jpg</path>
	<source>
		<database>roboflow.ai</database>
	</source>
	<size>
		<width>412</width>
		<height>412</height>
		<depth>3</depth>
	</size>
	<segmented>0</segmented>
	<object>
		<name>H</name>
		<pose>Unspecified</pose>
		<truncated>0</truncated>
		<difficult>0</difficult>
		<occluded>0</occluded>
		<bndbox>
			<xmin>47</xmin>
			<xmax>297</xmax>
			<ymin>178</ymin>
			<ymax>285</ymax>
		</bndbox>
	</object>
</annotation>
