<annotation>
	<folder></folder>
	<filename>H24_jpg.rf.365026af59e4a379bdc21ebf4053dcb8.jpg</filename>
	<path>H24_jpg.rf.365026af59e4a379bdc21ebf4053dcb8.jpg</path>
	<source>
		<database>roboflow.ai</database>
	</source>
	<size>
		<width>374</width>
		<height>374</height>
		<depth>3</depth>
	</size>
	<segmented>0</segmented>
	<object>
		<name>H</name>
		<pose>Unspecified</pose>
		<truncated>0</truncated>
		<difficult>0</difficult>
		<occluded>0</occluded>
		<bndbox>
			<xmin>1</xmin>
			<xmax>355</xmax>
			<ymin>131</ymin>
			<ymax>308</ymax>
		</bndbox>
	</object>
</annotation>
