<annotation>
	<folder></folder>
	<filename>H2_jpg.rf.38670f1a9c2ae2036f3c80321491573c.jpg</filename>
	<path>H2_jpg.rf.38670f1a9c2ae2036f3c80321491573c.jpg</path>
	<source>
		<database>roboflow.ai</database>
	</source>
	<size>
		<width>388</width>
		<height>388</height>
		<depth>3</depth>
	</size>
	<segmented>0</segmented>
	<object>
		<name>H</name>
		<pose>Unspecified</pose>
		<truncated>0</truncated>
		<difficult>0</difficult>
		<occluded>0</occluded>
		<bndbox>
			<xmin>29</xmin>
			<xmax>319</xmax>
			<ymin>150</ymin>
			<ymax>303</ymax>
		</bndbox>
	</object>
</annotation>
