<annotation>
	<folder></folder>
	<filename>H4_jpg.rf.1090c3e2c1edc37d7b2ecd5b9eb6f06e.jpg</filename>
	<path>H4_jpg.rf.1090c3e2c1edc37d7b2ecd5b9eb6f06e.jpg</path>
	<source>
		<database>roboflow.ai</database>
	</source>
	<size>
		<width>404</width>
		<height>404</height>
		<depth>3</depth>
	</size>
	<segmented>0</segmented>
	<object>
		<name>H</name>
		<pose>Unspecified</pose>
		<truncated>0</truncated>
		<difficult>0</difficult>
		<occluded>0</occluded>
		<bndbox>
			<xmin>90</xmin>
			<xmax>381</xmax>
			<ymin>179</ymin>
			<ymax>308</ymax>
		</bndbox>
	</object>
</annotation>
