<annotation>
	<folder></folder>
	<filename>I0_jpg.rf.21bbe6c53fdee3de18552752ab116502.jpg</filename>
	<path>I0_jpg.rf.21bbe6c53fdee3de18552752ab116502.jpg</path>
	<source>
		<database>roboflow.ai</database>
	</source>
	<size>
		<width>412</width>
		<height>412</height>
		<depth>3</depth>
	</size>
	<segmented>0</segmented>
	<object>
		<name>I</name>
		<pose>Unspecified</pose>
		<truncated>0</truncated>
		<difficult>0</difficult>
		<occluded>0</occluded>
		<bndbox>
			<xmin>124</xmin>
			<xmax>318</xmax>
			<ymin>99</ymin>
			<ymax>268</ymax>
		</bndbox>
	</object>
</annotation>
