<annotation>
	<folder></folder>
	<filename>I10_jpg.rf.031d497a63d112e07bdbe603fe3d1c1a.jpg</filename>
	<path>I10_jpg.rf.031d497a63d112e07bdbe603fe3d1c1a.jpg</path>
	<source>
		<database>roboflow.ai</database>
	</source>
	<size>
		<width>400</width>
		<height>400</height>
		<depth>3</depth>
	</size>
	<segmented>0</segmented>
	<object>
		<name>I</name>
		<pose>Unspecified</pose>
		<truncated>0</truncated>
		<difficult>0</difficult>
		<occluded>0</occluded>
		<bndbox>
			<xmin>119</xmin>
			<xmax>350</xmax>
			<ymin>70</ymin>
			<ymax>299</ymax>
		</bndbox>
	</object>
</annotation>
