<annotation>
	<folder></folder>
	<filename>I11_jpg.rf.15287860f4e8a699384284c2b39a6584.jpg</filename>
	<path>I11_jpg.rf.15287860f4e8a699384284c2b39a6584.jpg</path>
	<source>
		<database>roboflow.ai</database>
	</source>
	<size>
		<width>390</width>
		<height>390</height>
		<depth>3</depth>
	</size>
	<segmented>0</segmented>
	<object>
		<name>I</name>
		<pose>Unspecified</pose>
		<truncated>0</truncated>
		<difficult>0</difficult>
		<occluded>0</occluded>
		<bndbox>
			<xmin>139</xmin>
			<xmax>363</xmax>
			<ymin>138</ymin>
			<ymax>335</ymax>
		</bndbox>
	</object>
</annotation>
