<annotation>
	<folder></folder>
	<filename>I16_jpg.rf.16c9c8875d3709bdb762d85eeda10636.jpg</filename>
	<path>I16_jpg.rf.16c9c8875d3709bdb762d85eeda10636.jpg</path>
	<source>
		<database>roboflow.ai</database>
	</source>
	<size>
		<width>404</width>
		<height>404</height>
		<depth>3</depth>
	</size>
	<segmented>0</segmented>
	<object>
		<name>I</name>
		<pose>Unspecified</pose>
		<truncated>0</truncated>
		<difficult>0</difficult>
		<occluded>0</occluded>
		<bndbox>
			<xmin>69</xmin>
			<xmax>222</xmax>
			<ymin>152</ymin>
			<ymax>291</ymax>
		</bndbox>
	</object>
</annotation>
