<annotation>
	<folder></folder>
	<filename>I20_jpg.rf.3cfb476851528323ae997257eadcd806.jpg</filename>
	<path>I20_jpg.rf.3cfb476851528323ae997257eadcd806.jpg</path>
	<source>
		<database>roboflow.ai</database>
	</source>
	<size>
		<width>400</width>
		<height>400</height>
		<depth>3</depth>
	</size>
	<segmented>0</segmented>
	<object>
		<name>I</name>
		<pose>Unspecified</pose>
		<truncated>0</truncated>
		<difficult>0</difficult>
		<occluded>0</occluded>
		<bndbox>
			<xmin>80</xmin>
			<xmax>365</xmax>
			<ymin>100</ymin>
			<ymax>400</ymax>
		</bndbox>
	</object>
</annotation>
