<annotation>
	<folder></folder>
	<filename>I20_jpg.rf.1f767dcc423ec7719b9e0e90f7ad3e42.jpg</filename>
	<path>I20_jpg.rf.1f767dcc423ec7719b9e0e90f7ad3e42.jpg</path>
	<source>
		<database>roboflow.ai</database>
	</source>
	<size>
		<width>388</width>
		<height>388</height>
		<depth>3</depth>
	</size>
	<segmented>0</segmented>
	<object>
		<name>I</name>
		<pose>Unspecified</pose>
		<truncated>0</truncated>
		<difficult>0</difficult>
		<occluded>0</occluded>
		<bndbox>
			<xmin>80</xmin>
			<xmax>375</xmax>
			<ymin>72</ymin>
			<ymax>386</ymax>
		</bndbox>
	</object>
</annotation>
