<annotation>
	<folder></folder>
	<filename>I20_jpg.rf.48cb8523d8325ef59931ca058774bf5e.jpg</filename>
	<path>I20_jpg.rf.48cb8523d8325ef59931ca058774bf5e.jpg</path>
	<source>
		<database>roboflow.ai</database>
	</source>
	<size>
		<width>410</width>
		<height>410</height>
		<depth>3</depth>
	</size>
	<segmented>0</segmented>
	<object>
		<name>I</name>
		<pose>Unspecified</pose>
		<truncated>0</truncated>
		<difficult>0</difficult>
		<occluded>0</occluded>
		<bndbox>
			<xmin>51</xmin>
			<xmax>327</xmax>
			<ymin>99</ymin>
			<ymax>398</ymax>
		</bndbox>
	</object>
</annotation>
