<annotation>
	<folder></folder>
	<filename>I21_jpg.rf.328043e6a4cb647415a0d701e169bcab.jpg</filename>
	<path>I21_jpg.rf.328043e6a4cb647415a0d701e169bcab.jpg</path>
	<source>
		<database>roboflow.ai</database>
	</source>
	<size>
		<width>404</width>
		<height>404</height>
		<depth>3</depth>
	</size>
	<segmented>0</segmented>
	<object>
		<name>I</name>
		<pose>Unspecified</pose>
		<truncated>0</truncated>
		<difficult>0</difficult>
		<occluded>0</occluded>
		<bndbox>
			<xmin>81</xmin>
			<xmax>325</xmax>
			<ymin>112</ymin>
			<ymax>308</ymax>
		</bndbox>
	</object>
</annotation>
