<annotation>
	<folder></folder>
	<filename>I21_jpg.rf.35280a1897b5390adfd5559e7100668e.jpg</filename>
	<path>I21_jpg.rf.35280a1897b5390adfd5559e7100668e.jpg</path>
	<source>
		<database>roboflow.ai</database>
	</source>
	<size>
		<width>404</width>
		<height>404</height>
		<depth>3</depth>
	</size>
	<segmented>0</segmented>
	<object>
		<name>I</name>
		<pose>Unspecified</pose>
		<truncated>0</truncated>
		<difficult>0</difficult>
		<occluded>0</occluded>
		<bndbox>
			<xmin>64</xmin>
			<xmax>317</xmax>
			<ymin>106</ymin>
			<ymax>313</ymax>
		</bndbox>
	</object>
</annotation>
