<annotation>
	<folder></folder>
	<filename>I2_jpg.rf.47b23dfae90e651bc47ec0c850c74145.jpg</filename>
	<path>I2_jpg.rf.47b23dfae90e651bc47ec0c850c74145.jpg</path>
	<source>
		<database>roboflow.ai</database>
	</source>
	<size>
		<width>392</width>
		<height>392</height>
		<depth>3</depth>
	</size>
	<segmented>0</segmented>
	<object>
		<name>I</name>
		<pose>Unspecified</pose>
		<truncated>0</truncated>
		<difficult>0</difficult>
		<occluded>0</occluded>
		<bndbox>
			<xmin>29</xmin>
			<xmax>207</xmax>
			<ymin>153</ymin>
			<ymax>296</ymax>
		</bndbox>
	</object>
</annotation>
