<annotation>
	<folder></folder>
	<filename>I2_jpg.rf.373a087d55da938d9af4b1e7f9e496d3.jpg</filename>
	<path>I2_jpg.rf.373a087d55da938d9af4b1e7f9e496d3.jpg</path>
	<source>
		<database>roboflow.ai</database>
	</source>
	<size>
		<width>382</width>
		<height>382</height>
		<depth>3</depth>
	</size>
	<segmented>0</segmented>
	<object>
		<name>I</name>
		<pose>Unspecified</pose>
		<truncated>0</truncated>
		<difficult>0</difficult>
		<occluded>0</occluded>
		<bndbox>
			<xmin>31</xmin>
			<xmax>212</xmax>
			<ymin>126</ymin>
			<ymax>276</ymax>
		</bndbox>
	</object>
</annotation>
