<annotation>
	<folder></folder>
	<filename>I3_jpg.rf.13d13da81962b86db3705de1b79f984a.jpg</filename>
	<path>I3_jpg.rf.13d13da81962b86db3705de1b79f984a.jpg</path>
	<source>
		<database>roboflow.ai</database>
	</source>
	<size>
		<width>380</width>
		<height>380</height>
		<depth>3</depth>
	</size>
	<segmented>0</segmented>
	<object>
		<name>I</name>
		<pose>Unspecified</pose>
		<truncated>0</truncated>
		<difficult>0</difficult>
		<occluded>0</occluded>
		<bndbox>
			<xmin>51</xmin>
			<xmax>219</xmax>
			<ymin>55</ymin>
			<ymax>211</ymax>
		</bndbox>
	</object>
</annotation>
