<annotation>
	<folder></folder>
	<filename>I4_jpg.rf.062ccd81c673900bff7ea0de9a398daa.jpg</filename>
	<path>I4_jpg.rf.062ccd81c673900bff7ea0de9a398daa.jpg</path>
	<source>
		<database>roboflow.ai</database>
	</source>
	<size>
		<width>380</width>
		<height>380</height>
		<depth>3</depth>
	</size>
	<segmented>0</segmented>
	<object>
		<name>I</name>
		<pose>Unspecified</pose>
		<truncated>0</truncated>
		<difficult>0</difficult>
		<occluded>0</occluded>
		<bndbox>
			<xmin>58</xmin>
			<xmax>335</xmax>
			<ymin>93</ymin>
			<ymax>345</ymax>
		</bndbox>
	</object>
</annotation>
