<annotation>
	<folder></folder>
	<filename>J11_jpg.rf.2757f232e691dd82be0c0b8a6f8fb9fa.jpg</filename>
	<path>J11_jpg.rf.2757f232e691dd82be0c0b8a6f8fb9fa.jpg</path>
	<source>
		<database>roboflow.ai</database>
	</source>
	<size>
		<width>382</width>
		<height>382</height>
		<depth>3</depth>
	</size>
	<segmented>0</segmented>
	<object>
		<name>J</name>
		<pose>Unspecified</pose>
		<truncated>0</truncated>
		<difficult>0</difficult>
		<occluded>0</occluded>
		<bndbox>
			<xmin>103</xmin>
			<xmax>275</xmax>
			<ymin>190</ymin>
			<ymax>334</ymax>
		</bndbox>
	</object>
</annotation>
