<annotation>
	<folder></folder>
	<filename>J17_jpg.rf.33b53f00f2a409ae181820e821ec0c99.jpg</filename>
	<path>J17_jpg.rf.33b53f00f2a409ae181820e821ec0c99.jpg</path>
	<source>
		<database>roboflow.ai</database>
	</source>
	<size>
		<width>380</width>
		<height>380</height>
		<depth>3</depth>
	</size>
	<segmented>0</segmented>
	<object>
		<name>J</name>
		<pose>Unspecified</pose>
		<truncated>0</truncated>
		<difficult>0</difficult>
		<occluded>0</occluded>
		<bndbox>
			<xmin>7</xmin>
			<xmax>227</xmax>
			<ymin>119</ymin>
			<ymax>295</ymax>
		</bndbox>
	</object>
</annotation>
