<annotation>
	<folder></folder>
	<filename>J18_jpg.rf.3c43fb7b7a2491098af538b44f7513b5.jpg</filename>
	<path>J18_jpg.rf.3c43fb7b7a2491098af538b44f7513b5.jpg</path>
	<source>
		<database>roboflow.ai</database>
	</source>
	<size>
		<width>388</width>
		<height>388</height>
		<depth>3</depth>
	</size>
	<segmented>0</segmented>
	<object>
		<name>J</name>
		<pose>Unspecified</pose>
		<truncated>0</truncated>
		<difficult>0</difficult>
		<occluded>0</occluded>
		<bndbox>
			<xmin>163</xmin>
			<xmax>334</xmax>
			<ymin>91</ymin>
			<ymax>199</ymax>
		</bndbox>
	</object>
</annotation>
