<annotation>
	<folder></folder>
	<filename>J22_jpg.rf.0a2a945c3728602d25182355cfad1cd6.jpg</filename>
	<path>J22_jpg.rf.0a2a945c3728602d25182355cfad1cd6.jpg</path>
	<source>
		<database>roboflow.ai</database>
	</source>
	<size>
		<width>398</width>
		<height>398</height>
		<depth>3</depth>
	</size>
	<segmented>0</segmented>
	<object>
		<name>J</name>
		<pose>Unspecified</pose>
		<truncated>0</truncated>
		<difficult>0</difficult>
		<occluded>0</occluded>
		<bndbox>
			<xmin>67</xmin>
			<xmax>379</xmax>
			<ymin>47</ymin>
			<ymax>262</ymax>
		</bndbox>
	</object>
</annotation>
