<annotation>
	<folder></folder>
	<filename>J30_jpg.rf.00d20e595026b31773ded47509545471.jpg</filename>
	<path>J30_jpg.rf.00d20e595026b31773ded47509545471.jpg</path>
	<source>
		<database>roboflow.ai</database>
	</source>
	<size>
		<width>382</width>
		<height>382</height>
		<depth>3</depth>
	</size>
	<segmented>0</segmented>
	<object>
		<name>J</name>
		<pose>Unspecified</pose>
		<truncated>0</truncated>
		<difficult>0</difficult>
		<occluded>0</occluded>
		<bndbox>
			<xmin>123</xmin>
			<xmax>251</xmax>
			<ymin>205</ymin>
			<ymax>335</ymax>
		</bndbox>
	</object>
</annotation>
