<annotation>
	<folder></folder>
	<filename>J34_jpg.rf.0263901188a9de96c9bca11274a772ab.jpg</filename>
	<path>J34_jpg.rf.0263901188a9de96c9bca11274a772ab.jpg</path>
	<source>
		<database>roboflow.ai</database>
	</source>
	<size>
		<width>372</width>
		<height>372</height>
		<depth>3</depth>
	</size>
	<segmented>0</segmented>
	<object>
		<name>J</name>
		<pose>Unspecified</pose>
		<truncated>0</truncated>
		<difficult>0</difficult>
		<occluded>0</occluded>
		<bndbox>
			<xmin>74</xmin>
			<xmax>356</xmax>
			<ymin>154</ymin>
			<ymax>372</ymax>
		</bndbox>
	</object>
</annotation>
