<annotation>
	<folder></folder>
	<filename>J35_jpg.rf.1ed39e38a0ee03a335348b9103c6121e.jpg</filename>
	<path>J35_jpg.rf.1ed39e38a0ee03a335348b9103c6121e.jpg</path>
	<source>
		<database>roboflow.ai</database>
	</source>
	<size>
		<width>410</width>
		<height>410</height>
		<depth>3</depth>
	</size>
	<segmented>0</segmented>
	<object>
		<name>J</name>
		<pose>Unspecified</pose>
		<truncated>0</truncated>
		<difficult>0</difficult>
		<occluded>0</occluded>
		<bndbox>
			<xmin>156</xmin>
			<xmax>350</xmax>
			<ymin>201</ymin>
			<ymax>297</ymax>
		</bndbox>
	</object>
</annotation>
