<annotation>
	<folder></folder>
	<filename>J35_jpg.rf.1fc609cff6e57371109b7dd08186c23d.jpg</filename>
	<path>J35_jpg.rf.1fc609cff6e57371109b7dd08186c23d.jpg</path>
	<source>
		<database>roboflow.ai</database>
	</source>
	<size>
		<width>392</width>
		<height>392</height>
		<depth>3</depth>
	</size>
	<segmented>0</segmented>
	<object>
		<name>J</name>
		<pose>Unspecified</pose>
		<truncated>0</truncated>
		<difficult>0</difficult>
		<occluded>0</occluded>
		<bndbox>
			<xmin>58</xmin>
			<xmax>250</xmax>
			<ymin>191</ymin>
			<ymax>286</ymax>
		</bndbox>
	</object>
</annotation>
