<annotation>
	<folder></folder>
	<filename>K11_jpg.rf.40bba249f19943166c129fd48c7352ae.jpg</filename>
	<path>K11_jpg.rf.40bba249f19943166c129fd48c7352ae.jpg</path>
	<source>
		<database>roboflow.ai</database>
	</source>
	<size>
		<width>402</width>
		<height>402</height>
		<depth>3</depth>
	</size>
	<segmented>0</segmented>
	<object>
		<name>K</name>
		<pose>Unspecified</pose>
		<truncated>0</truncated>
		<difficult>0</difficult>
		<occluded>0</occluded>
		<bndbox>
			<xmin>188</xmin>
			<xmax>359</xmax>
			<ymin>172</ymin>
			<ymax>380</ymax>
		</bndbox>
	</object>
</annotation>
