<annotation>
	<folder></folder>
	<filename>K15_jpg.rf.2f6c96e13c958989d68f37166811f556.jpg</filename>
	<path>K15_jpg.rf.2f6c96e13c958989d68f37166811f556.jpg</path>
	<source>
		<database>roboflow.ai</database>
	</source>
	<size>
		<width>376</width>
		<height>376</height>
		<depth>3</depth>
	</size>
	<segmented>0</segmented>
	<object>
		<name>K</name>
		<pose>Unspecified</pose>
		<truncated>0</truncated>
		<difficult>0</difficult>
		<occluded>0</occluded>
		<bndbox>
			<xmin>85</xmin>
			<xmax>302</xmax>
			<ymin>99</ymin>
			<ymax>364</ymax>
		</bndbox>
	</object>
</annotation>
