<annotation>
	<folder></folder>
	<filename>K16_jpg.rf.1fa3778fbb42bbcbcd79c5aa6f301c81.jpg</filename>
	<path>K16_jpg.rf.1fa3778fbb42bbcbcd79c5aa6f301c81.jpg</path>
	<source>
		<database>roboflow.ai</database>
	</source>
	<size>
		<width>402</width>
		<height>402</height>
		<depth>3</depth>
	</size>
	<segmented>0</segmented>
	<object>
		<name>K</name>
		<pose>Unspecified</pose>
		<truncated>0</truncated>
		<difficult>0</difficult>
		<occluded>0</occluded>
		<bndbox>
			<xmin>150</xmin>
			<xmax>338</xmax>
			<ymin>106</ymin>
			<ymax>339</ymax>
		</bndbox>
	</object>
</annotation>
