<annotation>
	<folder></folder>
	<filename>K18_jpg.rf.1031d048282a1171d305bcccdae086cc.jpg</filename>
	<path>K18_jpg.rf.1031d048282a1171d305bcccdae086cc.jpg</path>
	<source>
		<database>roboflow.ai</database>
	</source>
	<size>
		<width>402</width>
		<height>402</height>
		<depth>3</depth>
	</size>
	<segmented>0</segmented>
	<object>
		<name>K</name>
		<pose>Unspecified</pose>
		<truncated>0</truncated>
		<difficult>0</difficult>
		<occluded>0</occluded>
		<bndbox>
			<xmin>132</xmin>
			<xmax>338</xmax>
			<ymin>79</ymin>
			<ymax>332</ymax>
		</bndbox>
	</object>
</annotation>
