<annotation>
	<folder></folder>
	<filename>K22_jpg.rf.469ede252b621a64443d4da70d3fb7f6.jpg</filename>
	<path>K22_jpg.rf.469ede252b621a64443d4da70d3fb7f6.jpg</path>
	<source>
		<database>roboflow.ai</database>
	</source>
	<size>
		<width>384</width>
		<height>384</height>
		<depth>3</depth>
	</size>
	<segmented>0</segmented>
	<object>
		<name>K</name>
		<pose>Unspecified</pose>
		<truncated>0</truncated>
		<difficult>0</difficult>
		<occluded>0</occluded>
		<bndbox>
			<xmin>221</xmin>
			<xmax>355</xmax>
			<ymin>170</ymin>
			<ymax>347</ymax>
		</bndbox>
	</object>
</annotation>
