<annotation>
	<folder></folder>
	<filename>K25_jpg.rf.132166e150d2509b3134d70b93a4b8d1.jpg</filename>
	<path>K25_jpg.rf.132166e150d2509b3134d70b93a4b8d1.jpg</path>
	<source>
		<database>roboflow.ai</database>
	</source>
	<size>
		<width>402</width>
		<height>402</height>
		<depth>3</depth>
	</size>
	<segmented>0</segmented>
	<object>
		<name>K</name>
		<pose>Unspecified</pose>
		<truncated>0</truncated>
		<difficult>0</difficult>
		<occluded>0</occluded>
		<bndbox>
			<xmin>105</xmin>
			<xmax>361</xmax>
			<ymin>49</ymin>
			<ymax>360</ymax>
		</bndbox>
	</object>
</annotation>
