<annotation>
	<folder></folder>
	<filename>K26_jpg.rf.311c9f6afc5c1f34b2edced42d532e5e.jpg</filename>
	<path>K26_jpg.rf.311c9f6afc5c1f34b2edced42d532e5e.jpg</path>
	<source>
		<database>roboflow.ai</database>
	</source>
	<size>
		<width>408</width>
		<height>408</height>
		<depth>3</depth>
	</size>
	<segmented>0</segmented>
	<object>
		<name>K</name>
		<pose>Unspecified</pose>
		<truncated>0</truncated>
		<difficult>0</difficult>
		<occluded>0</occluded>
		<bndbox>
			<xmin>16</xmin>
			<xmax>189</xmax>
			<ymin>138</ymin>
			<ymax>369</ymax>
		</bndbox>
	</object>
</annotation>
