<annotation>
	<folder></folder>
	<filename>K2_jpg.rf.17dba52b3990a4256016a9eb98cc6566.jpg</filename>
	<path>K2_jpg.rf.17dba52b3990a4256016a9eb98cc6566.jpg</path>
	<source>
		<database>roboflow.ai</database>
	</source>
	<size>
		<width>392</width>
		<height>392</height>
		<depth>3</depth>
	</size>
	<segmented>0</segmented>
	<object>
		<name>K</name>
		<pose>Unspecified</pose>
		<truncated>0</truncated>
		<difficult>0</difficult>
		<occluded>0</occluded>
		<bndbox>
			<xmin>78</xmin>
			<xmax>258</xmax>
			<ymin>112</ymin>
			<ymax>338</ymax>
		</bndbox>
	</object>
</annotation>
