<annotation>
	<folder></folder>
	<filename>K2_jpg.rf.44d827e0289600627e1fcc43197301cb.jpg</filename>
	<path>K2_jpg.rf.44d827e0289600627e1fcc43197301cb.jpg</path>
	<source>
		<database>roboflow.ai</database>
	</source>
	<size>
		<width>400</width>
		<height>400</height>
		<depth>3</depth>
	</size>
	<segmented>0</segmented>
	<object>
		<name>K</name>
		<pose>Unspecified</pose>
		<truncated>0</truncated>
		<difficult>0</difficult>
		<occluded>0</occluded>
		<bndbox>
			<xmin>143</xmin>
			<xmax>324</xmax>
			<ymin>128</ymin>
			<ymax>357</ymax>
		</bndbox>
	</object>
</annotation>
