<annotation>
	<folder></folder>
	<filename>L0_jpg.rf.1ab48686ce6dc960e0c2eb596cb0e589.jpg</filename>
	<path>L0_jpg.rf.1ab48686ce6dc960e0c2eb596cb0e589.jpg</path>
	<source>
		<database>roboflow.ai</database>
	</source>
	<size>
		<width>374</width>
		<height>374</height>
		<depth>3</depth>
	</size>
	<segmented>0</segmented>
	<object>
		<name>L</name>
		<pose>Unspecified</pose>
		<truncated>0</truncated>
		<difficult>0</difficult>
		<occluded>0</occluded>
		<bndbox>
			<xmin>45</xmin>
			<xmax>327</xmax>
			<ymin>65</ymin>
			<ymax>325</ymax>
		</bndbox>
	</object>
</annotation>
