<annotation>
	<folder></folder>
	<filename>L12_jpg.rf.34dafed010cca8b7e44c68bfb3565eee.jpg</filename>
	<path>L12_jpg.rf.34dafed010cca8b7e44c68bfb3565eee.jpg</path>
	<source>
		<database>roboflow.ai</database>
	</source>
	<size>
		<width>416</width>
		<height>416</height>
		<depth>3</depth>
	</size>
	<segmented>0</segmented>
	<object>
		<name>L</name>
		<pose>Unspecified</pose>
		<truncated>0</truncated>
		<difficult>0</difficult>
		<occluded>0</occluded>
		<bndbox>
			<xmin>92</xmin>
			<xmax>365</xmax>
			<ymin>108</ymin>
			<ymax>341</ymax>
		</bndbox>
	</object>
</annotation>
