<annotation>
	<folder></folder>
	<filename>L15_jpg.rf.1e825d1bdfe88d7122179bc79e358eb1.jpg</filename>
	<path>L15_jpg.rf.1e825d1bdfe88d7122179bc79e358eb1.jpg</path>
	<source>
		<database>roboflow.ai</database>
	</source>
	<size>
		<width>380</width>
		<height>380</height>
		<depth>3</depth>
	</size>
	<segmented>0</segmented>
	<object>
		<name>L</name>
		<pose>Unspecified</pose>
		<truncated>0</truncated>
		<difficult>0</difficult>
		<occluded>0</occluded>
		<bndbox>
			<xmin>1</xmin>
			<xmax>264</xmax>
			<ymin>117</ymin>
			<ymax>380</ymax>
		</bndbox>
	</object>
</annotation>
