<annotation>
	<folder></folder>
	<filename>L23_jpg.rf.0418069709eebdee55bc946fa4080bc1.jpg</filename>
	<path>L23_jpg.rf.0418069709eebdee55bc946fa4080bc1.jpg</path>
	<source>
		<database>roboflow.ai</database>
	</source>
	<size>
		<width>410</width>
		<height>410</height>
		<depth>3</depth>
	</size>
	<segmented>0</segmented>
	<object>
		<name>L</name>
		<pose>Unspecified</pose>
		<truncated>0</truncated>
		<difficult>0</difficult>
		<occluded>0</occluded>
		<bndbox>
			<xmin>90</xmin>
			<xmax>410</xmax>
			<ymin>36</ymin>
			<ymax>340</ymax>
		</bndbox>
	</object>
</annotation>
