<annotation>
	<folder></folder>
	<filename>L3_jpg.rf.334868fc379e7e393fc06c3abcc8a86f.jpg</filename>
	<path>L3_jpg.rf.334868fc379e7e393fc06c3abcc8a86f.jpg</path>
	<source>
		<database>roboflow.ai</database>
	</source>
	<size>
		<width>392</width>
		<height>392</height>
		<depth>3</depth>
	</size>
	<segmented>0</segmented>
	<object>
		<name>L</name>
		<pose>Unspecified</pose>
		<truncated>0</truncated>
		<difficult>0</difficult>
		<occluded>0</occluded>
		<bndbox>
			<xmin>1</xmin>
			<xmax>313</xmax>
			<ymin>63</ymin>
			<ymax>358</ymax>
		</bndbox>
	</object>
</annotation>
