<annotation>
	<folder></folder>
	<filename>L4_jpg.rf.27d10f4c9a216e757bface0540f1d998.jpg</filename>
	<path>L4_jpg.rf.27d10f4c9a216e757bface0540f1d998.jpg</path>
	<source>
		<database>roboflow.ai</database>
	</source>
	<size>
		<width>412</width>
		<height>412</height>
		<depth>3</depth>
	</size>
	<segmented>0</segmented>
	<object>
		<name>L</name>
		<pose>Unspecified</pose>
		<truncated>0</truncated>
		<difficult>0</difficult>
		<occluded>0</occluded>
		<bndbox>
			<xmin>99</xmin>
			<xmax>327</xmax>
			<ymin>129</ymin>
			<ymax>366</ymax>
		</bndbox>
	</object>
</annotation>
