<annotation>
	<folder></folder>
	<filename>L4_jpg.rf.26fe4ec6ee5b2a7f18a40972f3ca0cf2.jpg</filename>
	<path>L4_jpg.rf.26fe4ec6ee5b2a7f18a40972f3ca0cf2.jpg</path>
	<source>
		<database>roboflow.ai</database>
	</source>
	<size>
		<width>392</width>
		<height>392</height>
		<depth>3</depth>
	</size>
	<segmented>0</segmented>
	<object>
		<name>L</name>
		<pose>Unspecified</pose>
		<truncated>0</truncated>
		<difficult>0</difficult>
		<occluded>0</occluded>
		<bndbox>
			<xmin>80</xmin>
			<xmax>321</xmax>
			<ymin>115</ymin>
			<ymax>358</ymax>
		</bndbox>
	</object>
</annotation>
