<annotation>
	<folder></folder>
	<filename>L6_jpg.rf.05806c4c18c8f9b2906f34ac24c81b42.jpg</filename>
	<path>L6_jpg.rf.05806c4c18c8f9b2906f34ac24c81b42.jpg</path>
	<source>
		<database>roboflow.ai</database>
	</source>
	<size>
		<width>408</width>
		<height>408</height>
		<depth>3</depth>
	</size>
	<segmented>0</segmented>
	<object>
		<name>L</name>
		<pose>Unspecified</pose>
		<truncated>0</truncated>
		<difficult>0</difficult>
		<occluded>0</occluded>
		<bndbox>
			<xmin>4</xmin>
			<xmax>408</xmax>
			<ymin>49</ymin>
			<ymax>400</ymax>
		</bndbox>
	</object>
</annotation>
