<annotation>
	<folder></folder>
	<filename>L7_jpg.rf.44e7cef3ea780884ef5bd22c313cf34e.jpg</filename>
	<path>L7_jpg.rf.44e7cef3ea780884ef5bd22c313cf34e.jpg</path>
	<source>
		<database>roboflow.ai</database>
	</source>
	<size>
		<width>388</width>
		<height>388</height>
		<depth>3</depth>
	</size>
	<segmented>0</segmented>
	<object>
		<name>L</name>
		<pose>Unspecified</pose>
		<truncated>0</truncated>
		<difficult>0</difficult>
		<occluded>0</occluded>
		<bndbox>
			<xmin>79</xmin>
			<xmax>313</xmax>
			<ymin>53</ymin>
			<ymax>273</ymax>
		</bndbox>
	</object>
</annotation>
