<annotation>
	<folder></folder>
	<filename>L9_jpg.rf.18fb3c7dce9d787bca991b1a76776261.jpg</filename>
	<path>L9_jpg.rf.18fb3c7dce9d787bca991b1a76776261.jpg</path>
	<source>
		<database>roboflow.ai</database>
	</source>
	<size>
		<width>374</width>
		<height>374</height>
		<depth>3</depth>
	</size>
	<segmented>0</segmented>
	<object>
		<name>L</name>
		<pose>Unspecified</pose>
		<truncated>0</truncated>
		<difficult>0</difficult>
		<occluded>0</occluded>
		<bndbox>
			<xmin>1</xmin>
			<xmax>366</xmax>
			<ymin>42</ymin>
			<ymax>374</ymax>
		</bndbox>
	</object>
</annotation>
