<annotation>
	<folder></folder>
	<filename>M13_jpg.rf.1fa25f00496dd516c39840a417137f60.jpg</filename>
	<path>M13_jpg.rf.1fa25f00496dd516c39840a417137f60.jpg</path>
	<source>
		<database>roboflow.ai</database>
	</source>
	<size>
		<width>382</width>
		<height>382</height>
		<depth>3</depth>
	</size>
	<segmented>0</segmented>
	<object>
		<name>M</name>
		<pose>Unspecified</pose>
		<truncated>0</truncated>
		<difficult>0</difficult>
		<occluded>0</occluded>
		<bndbox>
			<xmin>122</xmin>
			<xmax>273</xmax>
			<ymin>86</ymin>
			<ymax>241</ymax>
		</bndbox>
	</object>
</annotation>
