<annotation>
	<folder></folder>
	<filename>M15_jpg.rf.4385f93af3c86d7db4299de00749d8df.jpg</filename>
	<path>M15_jpg.rf.4385f93af3c86d7db4299de00749d8df.jpg</path>
	<source>
		<database>roboflow.ai</database>
	</source>
	<size>
		<width>380</width>
		<height>380</height>
		<depth>3</depth>
	</size>
	<segmented>0</segmented>
	<object>
		<name>M</name>
		<pose>Unspecified</pose>
		<truncated>0</truncated>
		<difficult>0</difficult>
		<occluded>0</occluded>
		<bndbox>
			<xmin>63</xmin>
			<xmax>241</xmax>
			<ymin>95</ymin>
			<ymax>258</ymax>
		</bndbox>
	</object>
</annotation>
