<annotation>
	<folder></folder>
	<filename>M18_jpg.rf.3fae46ff6a91c58fb10a10e854f3768e.jpg</filename>
	<path>M18_jpg.rf.3fae46ff6a91c58fb10a10e854f3768e.jpg</path>
	<source>
		<database>roboflow.ai</database>
	</source>
	<size>
		<width>394</width>
		<height>394</height>
		<depth>3</depth>
	</size>
	<segmented>0</segmented>
	<object>
		<name>M</name>
		<pose>Unspecified</pose>
		<truncated>0</truncated>
		<difficult>0</difficult>
		<occluded>0</occluded>
		<bndbox>
			<xmin>117</xmin>
			<xmax>223</xmax>
			<ymin>174</ymin>
			<ymax>271</ymax>
		</bndbox>
	</object>
</annotation>
