<annotation>
	<folder></folder>
	<filename>M18_jpg.rf.129826d37d00c7e46376752d8649edaa.jpg</filename>
	<path>M18_jpg.rf.129826d37d00c7e46376752d8649edaa.jpg</path>
	<source>
		<database>roboflow.ai</database>
	</source>
	<size>
		<width>380</width>
		<height>380</height>
		<depth>3</depth>
	</size>
	<segmented>0</segmented>
	<object>
		<name>M</name>
		<pose>Unspecified</pose>
		<truncated>0</truncated>
		<difficult>0</difficult>
		<occluded>0</occluded>
		<bndbox>
			<xmin>114</xmin>
			<xmax>216</xmax>
			<ymin>153</ymin>
			<ymax>249</ymax>
		</bndbox>
	</object>
</annotation>
