<annotation>
	<folder></folder>
	<filename>M1_jpg.rf.411bd85388ef9cb634f3d11439466266.jpg</filename>
	<path>M1_jpg.rf.411bd85388ef9cb634f3d11439466266.jpg</path>
	<source>
		<database>roboflow.ai</database>
	</source>
	<size>
		<width>376</width>
		<height>376</height>
		<depth>3</depth>
	</size>
	<segmented>0</segmented>
	<object>
		<name>M</name>
		<pose>Unspecified</pose>
		<truncated>0</truncated>
		<difficult>0</difficult>
		<occluded>0</occluded>
		<bndbox>
			<xmin>111</xmin>
			<xmax>304</xmax>
			<ymin>216</ymin>
			<ymax>376</ymax>
		</bndbox>
	</object>
</annotation>
