<annotation>
	<folder></folder>
	<filename>M22_jpg.rf.2cf0b07c63b1ef20e78df60f6a7b067f.jpg</filename>
	<path>M22_jpg.rf.2cf0b07c63b1ef20e78df60f6a7b067f.jpg</path>
	<source>
		<database>roboflow.ai</database>
	</source>
	<size>
		<width>372</width>
		<height>372</height>
		<depth>3</depth>
	</size>
	<segmented>0</segmented>
	<object>
		<name>M</name>
		<pose>Unspecified</pose>
		<truncated>0</truncated>
		<difficult>0</difficult>
		<occluded>0</occluded>
		<bndbox>
			<xmin>101</xmin>
			<xmax>248</xmax>
			<ymin>95</ymin>
			<ymax>234</ymax>
		</bndbox>
	</object>
</annotation>
