<annotation>
	<folder></folder>
	<filename>M23_jpg.rf.2e9dcb0d37abe04cf9f23fe2ee9b2217.jpg</filename>
	<path>M23_jpg.rf.2e9dcb0d37abe04cf9f23fe2ee9b2217.jpg</path>
	<source>
		<database>roboflow.ai</database>
	</source>
	<size>
		<width>398</width>
		<height>398</height>
		<depth>3</depth>
	</size>
	<segmented>0</segmented>
	<object>
		<name>M</name>
		<pose>Unspecified</pose>
		<truncated>0</truncated>
		<difficult>0</difficult>
		<occluded>0</occluded>
		<bndbox>
			<xmin>92</xmin>
			<xmax>286</xmax>
			<ymin>135</ymin>
			<ymax>311</ymax>
		</bndbox>
	</object>
</annotation>
