<annotation>
	<folder></folder>
	<filename>M3_jpg.rf.421bf4b4026eefa77eca4eb294ff69ab.jpg</filename>
	<path>M3_jpg.rf.421bf4b4026eefa77eca4eb294ff69ab.jpg</path>
	<source>
		<database>roboflow.ai</database>
	</source>
	<size>
		<width>398</width>
		<height>398</height>
		<depth>3</depth>
	</size>
	<segmented>0</segmented>
	<object>
		<name>M</name>
		<pose>Unspecified</pose>
		<truncated>0</truncated>
		<difficult>0</difficult>
		<occluded>0</occluded>
		<bndbox>
			<xmin>115</xmin>
			<xmax>345</xmax>
			<ymin>159</ymin>
			<ymax>372</ymax>
		</bndbox>
	</object>
</annotation>
