<annotation>
	<folder></folder>
	<filename>M4_jpg.rf.1e94cac19b236e16f867f4292775a7a3.jpg</filename>
	<path>M4_jpg.rf.1e94cac19b236e16f867f4292775a7a3.jpg</path>
	<source>
		<database>roboflow.ai</database>
	</source>
	<size>
		<width>384</width>
		<height>384</height>
		<depth>3</depth>
	</size>
	<segmented>0</segmented>
	<object>
		<name>M</name>
		<pose>Unspecified</pose>
		<truncated>0</truncated>
		<difficult>0</difficult>
		<occluded>0</occluded>
		<bndbox>
			<xmin>89</xmin>
			<xmax>239</xmax>
			<ymin>104</ymin>
			<ymax>240</ymax>
		</bndbox>
	</object>
</annotation>
