<annotation>
	<folder></folder>
	<filename>N0_jpg.rf.180e4b19d6df6fc5e3e7d86dbe1ddc51.jpg</filename>
	<path>N0_jpg.rf.180e4b19d6df6fc5e3e7d86dbe1ddc51.jpg</path>
	<source>
		<database>roboflow.ai</database>
	</source>
	<size>
		<width>394</width>
		<height>394</height>
		<depth>3</depth>
	</size>
	<segmented>0</segmented>
	<object>
		<name>N</name>
		<pose>Unspecified</pose>
		<truncated>0</truncated>
		<difficult>0</difficult>
		<occluded>0</occluded>
		<bndbox>
			<xmin>112</xmin>
			<xmax>258</xmax>
			<ymin>144</ymin>
			<ymax>287</ymax>
		</bndbox>
	</object>
</annotation>
