<annotation>
	<folder></folder>
	<filename>N0_jpg.rf.42b5818c7451bff8f1a419d0517bd766.jpg</filename>
	<path>N0_jpg.rf.42b5818c7451bff8f1a419d0517bd766.jpg</path>
	<source>
		<database>roboflow.ai</database>
	</source>
	<size>
		<width>388</width>
		<height>388</height>
		<depth>3</depth>
	</size>
	<segmented>0</segmented>
	<object>
		<name>N</name>
		<pose>Unspecified</pose>
		<truncated>0</truncated>
		<difficult>0</difficult>
		<occluded>0</occluded>
		<bndbox>
			<xmin>112</xmin>
			<xmax>255</xmax>
			<ymin>163</ymin>
			<ymax>304</ymax>
		</bndbox>
	</object>
</annotation>
