<annotation>
	<folder></folder>
	<filename>N11_jpg.rf.3fa5777283528ad4f276dc62a95a7bbc.jpg</filename>
	<path>N11_jpg.rf.3fa5777283528ad4f276dc62a95a7bbc.jpg</path>
	<source>
		<database>roboflow.ai</database>
	</source>
	<size>
		<width>406</width>
		<height>406</height>
		<depth>3</depth>
	</size>
	<segmented>0</segmented>
	<object>
		<name>N</name>
		<pose>Unspecified</pose>
		<truncated>0</truncated>
		<difficult>0</difficult>
		<occluded>0</occluded>
		<bndbox>
			<xmin>182</xmin>
			<xmax>296</xmax>
			<ymin>156</ymin>
			<ymax>259</ymax>
		</bndbox>
	</object>
</annotation>
