<annotation>
	<folder></folder>
	<filename>N17_jpg.rf.2ae0cad9995923d2a5e732cd45b88a7a.jpg</filename>
	<path>N17_jpg.rf.2ae0cad9995923d2a5e732cd45b88a7a.jpg</path>
	<source>
		<database>roboflow.ai</database>
	</source>
	<size>
		<width>396</width>
		<height>396</height>
		<depth>3</depth>
	</size>
	<segmented>0</segmented>
	<object>
		<name>N</name>
		<pose>Unspecified</pose>
		<truncated>0</truncated>
		<difficult>0</difficult>
		<occluded>0</occluded>
		<bndbox>
			<xmin>92</xmin>
			<xmax>337</xmax>
			<ymin>38</ymin>
			<ymax>294</ymax>
		</bndbox>
	</object>
</annotation>
