<annotation>
	<folder></folder>
	<filename>N21_jpg.rf.2f2b683c4b9ca5fa2ed3ab67c220c407.jpg</filename>
	<path>N21_jpg.rf.2f2b683c4b9ca5fa2ed3ab67c220c407.jpg</path>
	<source>
		<database>roboflow.ai</database>
	</source>
	<size>
		<width>374</width>
		<height>374</height>
		<depth>3</depth>
	</size>
	<segmented>0</segmented>
	<object>
		<name>N</name>
		<pose>Unspecified</pose>
		<truncated>0</truncated>
		<difficult>0</difficult>
		<occluded>0</occluded>
		<bndbox>
			<xmin>12</xmin>
			<xmax>251</xmax>
			<ymin>53</ymin>
			<ymax>305</ymax>
		</bndbox>
	</object>
</annotation>
