<annotation>
	<folder></folder>
	<filename>N23_jpg.rf.276b21f6b1dc28644f2daeb05a56198b.jpg</filename>
	<path>N23_jpg.rf.276b21f6b1dc28644f2daeb05a56198b.jpg</path>
	<source>
		<database>roboflow.ai</database>
	</source>
	<size>
		<width>378</width>
		<height>378</height>
		<depth>3</depth>
	</size>
	<segmented>0</segmented>
	<object>
		<name>N</name>
		<pose>Unspecified</pose>
		<truncated>0</truncated>
		<difficult>0</difficult>
		<occluded>0</occluded>
		<bndbox>
			<xmin>111</xmin>
			<xmax>315</xmax>
			<ymin>57</ymin>
			<ymax>256</ymax>
		</bndbox>
	</object>
</annotation>
