<annotation>
	<folder></folder>
	<filename>N24_jpg.rf.288d32f81bd2ac5ae72b996e63f5590a.jpg</filename>
	<path>N24_jpg.rf.288d32f81bd2ac5ae72b996e63f5590a.jpg</path>
	<source>
		<database>roboflow.ai</database>
	</source>
	<size>
		<width>408</width>
		<height>408</height>
		<depth>3</depth>
	</size>
	<segmented>0</segmented>
	<object>
		<name>N</name>
		<pose>Unspecified</pose>
		<truncated>0</truncated>
		<difficult>0</difficult>
		<occluded>0</occluded>
		<bndbox>
			<xmin>109</xmin>
			<xmax>267</xmax>
			<ymin>111</ymin>
			<ymax>261</ymax>
		</bndbox>
	</object>
</annotation>
