<annotation>
	<folder></folder>
	<filename>N3_jpg.rf.412d6fdc8fa412c3276e1b18fc565376.jpg</filename>
	<path>N3_jpg.rf.412d6fdc8fa412c3276e1b18fc565376.jpg</path>
	<source>
		<database>roboflow.ai</database>
	</source>
	<size>
		<width>398</width>
		<height>398</height>
		<depth>3</depth>
	</size>
	<segmented>0</segmented>
	<object>
		<name>N</name>
		<pose>Unspecified</pose>
		<truncated>0</truncated>
		<difficult>0</difficult>
		<occluded>0</occluded>
		<bndbox>
			<xmin>141</xmin>
			<xmax>345</xmax>
			<ymin>222</ymin>
			<ymax>398</ymax>
		</bndbox>
	</object>
</annotation>
