<annotation>
	<folder></folder>
	<filename>N7_jpg.rf.2b30106404da5acfd47032fdd390fdd0.jpg</filename>
	<path>N7_jpg.rf.2b30106404da5acfd47032fdd390fdd0.jpg</path>
	<source>
		<database>roboflow.ai</database>
	</source>
	<size>
		<width>378</width>
		<height>378</height>
		<depth>3</depth>
	</size>
	<segmented>0</segmented>
	<object>
		<name>N</name>
		<pose>Unspecified</pose>
		<truncated>0</truncated>
		<difficult>0</difficult>
		<occluded>0</occluded>
		<bndbox>
			<xmin>154</xmin>
			<xmax>321</xmax>
			<ymin>121</ymin>
			<ymax>273</ymax>
		</bndbox>
	</object>
</annotation>
