<annotation>
	<folder></folder>
	<filename>N8_jpg.rf.2af37147b97d513636abfa807c617864.jpg</filename>
	<path>N8_jpg.rf.2af37147b97d513636abfa807c617864.jpg</path>
	<source>
		<database>roboflow.ai</database>
	</source>
	<size>
		<width>394</width>
		<height>394</height>
		<depth>3</depth>
	</size>
	<segmented>0</segmented>
	<object>
		<name>N</name>
		<pose>Unspecified</pose>
		<truncated>0</truncated>
		<difficult>0</difficult>
		<occluded>0</occluded>
		<bndbox>
			<xmin>66</xmin>
			<xmax>301</xmax>
			<ymin>127</ymin>
			<ymax>340</ymax>
		</bndbox>
	</object>
</annotation>
