<annotation>
	<folder></folder>
	<filename>O18_jpg.rf.0ef5218f1ffe8238ef5e89a64313bc4f.jpg</filename>
	<path>O18_jpg.rf.0ef5218f1ffe8238ef5e89a64313bc4f.jpg</path>
	<source>
		<database>roboflow.ai</database>
	</source>
	<size>
		<width>374</width>
		<height>374</height>
		<depth>3</depth>
	</size>
	<segmented>0</segmented>
	<object>
		<name>O</name>
		<pose>Unspecified</pose>
		<truncated>0</truncated>
		<difficult>0</difficult>
		<occluded>0</occluded>
		<bndbox>
			<xmin>58</xmin>
			<xmax>365</xmax>
			<ymin>75</ymin>
			<ymax>360</ymax>
		</bndbox>
	</object>
</annotation>
