<annotation>
	<folder></folder>
	<filename>O23_jpg.rf.210f1aaa191497f03d00676460842a64.jpg</filename>
	<path>O23_jpg.rf.210f1aaa191497f03d00676460842a64.jpg</path>
	<source>
		<database>roboflow.ai</database>
	</source>
	<size>
		<width>398</width>
		<height>398</height>
		<depth>3</depth>
	</size>
	<segmented>0</segmented>
	<object>
		<name>O</name>
		<pose>Unspecified</pose>
		<truncated>0</truncated>
		<difficult>0</difficult>
		<occluded>0</occluded>
		<bndbox>
			<xmin>80</xmin>
			<xmax>317</xmax>
			<ymin>106</ymin>
			<ymax>296</ymax>
		</bndbox>
	</object>
</annotation>
