<annotation>
	<folder></folder>
	<filename>O27_jpg.rf.23cd5788be9d6c160dfbd00b44e89cfe.jpg</filename>
	<path>O27_jpg.rf.23cd5788be9d6c160dfbd00b44e89cfe.jpg</path>
	<source>
		<database>roboflow.ai</database>
	</source>
	<size>
		<width>388</width>
		<height>388</height>
		<depth>3</depth>
	</size>
	<segmented>0</segmented>
	<object>
		<name>O</name>
		<pose>Unspecified</pose>
		<truncated>0</truncated>
		<difficult>0</difficult>
		<occluded>0</occluded>
		<bndbox>
			<xmin>108</xmin>
			<xmax>315</xmax>
			<ymin>118</ymin>
			<ymax>310</ymax>
		</bndbox>
	</object>
</annotation>
