<annotation>
	<folder></folder>
	<filename>O2_jpg.rf.3fd2151e4d7981b8547c2889f9ed7cd7.jpg</filename>
	<path>O2_jpg.rf.3fd2151e4d7981b8547c2889f9ed7cd7.jpg</path>
	<source>
		<database>roboflow.ai</database>
	</source>
	<size>
		<width>394</width>
		<height>394</height>
		<depth>3</depth>
	</size>
	<segmented>0</segmented>
	<object>
		<name>O</name>
		<pose>Unspecified</pose>
		<truncated>0</truncated>
		<difficult>0</difficult>
		<occluded>0</occluded>
		<bndbox>
			<xmin>79</xmin>
			<xmax>320</xmax>
			<ymin>156</ymin>
			<ymax>394</ymax>
		</bndbox>
	</object>
</annotation>
