<annotation>
	<folder></folder>
	<filename>O9_jpg.rf.055425e3503991ffaf8f801a61986924.jpg</filename>
	<path>O9_jpg.rf.055425e3503991ffaf8f801a61986924.jpg</path>
	<source>
		<database>roboflow.ai</database>
	</source>
	<size>
		<width>394</width>
		<height>394</height>
		<depth>3</depth>
	</size>
	<segmented>0</segmented>
	<object>
		<name>O</name>
		<pose>Unspecified</pose>
		<truncated>0</truncated>
		<difficult>0</difficult>
		<occluded>0</occluded>
		<bndbox>
			<xmin>46</xmin>
			<xmax>295</xmax>
			<ymin>126</ymin>
			<ymax>324</ymax>
		</bndbox>
	</object>
</annotation>
