<annotation>
	<folder></folder>
	<filename>P15_jpg.rf.159a541ad56feffc9391156c5520088f.jpg</filename>
	<path>P15_jpg.rf.159a541ad56feffc9391156c5520088f.jpg</path>
	<source>
		<database>roboflow.ai</database>
	</source>
	<size>
		<width>382</width>
		<height>382</height>
		<depth>3</depth>
	</size>
	<segmented>0</segmented>
	<object>
		<name>P</name>
		<pose>Unspecified</pose>
		<truncated>0</truncated>
		<difficult>0</difficult>
		<occluded>0</occluded>
		<bndbox>
			<xmin>46</xmin>
			<xmax>343</xmax>
			<ymin>185</ymin>
			<ymax>329</ymax>
		</bndbox>
	</object>
</annotation>
