<annotation>
	<folder></folder>
	<filename>P19_jpg.rf.38628e1b6f02c0eaf1c7b29e042ce7d1.jpg</filename>
	<path>P19_jpg.rf.38628e1b6f02c0eaf1c7b29e042ce7d1.jpg</path>
	<source>
		<database>roboflow.ai</database>
	</source>
	<size>
		<width>388</width>
		<height>388</height>
		<depth>3</depth>
	</size>
	<segmented>0</segmented>
	<object>
		<name>P</name>
		<pose>Unspecified</pose>
		<truncated>0</truncated>
		<difficult>0</difficult>
		<occluded>0</occluded>
		<bndbox>
			<xmin>49</xmin>
			<xmax>349</xmax>
			<ymin>1</ymin>
			<ymax>379</ymax>
		</bndbox>
	</object>
</annotation>
