<annotation>
	<folder></folder>
	<filename>P21_jpg.rf.2f03494f57e3a11e365494e9e2bfbbf5.jpg</filename>
	<path>P21_jpg.rf.2f03494f57e3a11e365494e9e2bfbbf5.jpg</path>
	<source>
		<database>roboflow.ai</database>
	</source>
	<size>
		<width>394</width>
		<height>394</height>
		<depth>3</depth>
	</size>
	<segmented>0</segmented>
	<object>
		<name>P</name>
		<pose>Unspecified</pose>
		<truncated>0</truncated>
		<difficult>0</difficult>
		<occluded>0</occluded>
		<bndbox>
			<xmin>92</xmin>
			<xmax>362</xmax>
			<ymin>199</ymin>
			<ymax>323</ymax>
		</bndbox>
	</object>
</annotation>
