<annotation>
	<folder></folder>
	<filename>P21_jpg.rf.05b6ba0dcac40daddf8d8f206c85e20f.jpg</filename>
	<path>P21_jpg.rf.05b6ba0dcac40daddf8d8f206c85e20f.jpg</path>
	<source>
		<database>roboflow.ai</database>
	</source>
	<size>
		<width>378</width>
		<height>378</height>
		<depth>3</depth>
	</size>
	<segmented>0</segmented>
	<object>
		<name>P</name>
		<pose>Unspecified</pose>
		<truncated>0</truncated>
		<difficult>0</difficult>
		<occluded>0</occluded>
		<bndbox>
			<xmin>80</xmin>
			<xmax>355</xmax>
			<ymin>202</ymin>
			<ymax>339</ymax>
		</bndbox>
	</object>
</annotation>
