<annotation>
	<folder></folder>
	<filename>P21_jpg.rf.35fa0cf3644b08c3d77646ae4efcac5f.jpg</filename>
	<path>P21_jpg.rf.35fa0cf3644b08c3d77646ae4efcac5f.jpg</path>
	<source>
		<database>roboflow.ai</database>
	</source>
	<size>
		<width>388</width>
		<height>388</height>
		<depth>3</depth>
	</size>
	<segmented>0</segmented>
	<object>
		<name>P</name>
		<pose>Unspecified</pose>
		<truncated>0</truncated>
		<difficult>0</difficult>
		<occluded>0</occluded>
		<bndbox>
			<xmin>27</xmin>
			<xmax>298</xmax>
			<ymin>209</ymin>
			<ymax>338</ymax>
		</bndbox>
	</object>
</annotation>
