<annotation>
	<folder></folder>
	<filename>P3_jpg.rf.3afc126bea6d81c266ff1b44e4140c0d.jpg</filename>
	<path>P3_jpg.rf.3afc126bea6d81c266ff1b44e4140c0d.jpg</path>
	<source>
		<database>roboflow.ai</database>
	</source>
	<size>
		<width>374</width>
		<height>374</height>
		<depth>3</depth>
	</size>
	<segmented>0</segmented>
	<object>
		<name>P</name>
		<pose>Unspecified</pose>
		<truncated>0</truncated>
		<difficult>0</difficult>
		<occluded>0</occluded>
		<bndbox>
			<xmin>44</xmin>
			<xmax>288</xmax>
			<ymin>36</ymin>
			<ymax>373</ymax>
		</bndbox>
	</object>
</annotation>
