<annotation>
	<folder></folder>
	<filename>P6_jpg.rf.22a89cc3ab41c1980a5b9a92398d799b.jpg</filename>
	<path>P6_jpg.rf.22a89cc3ab41c1980a5b9a92398d799b.jpg</path>
	<source>
		<database>roboflow.ai</database>
	</source>
	<size>
		<width>382</width>
		<height>382</height>
		<depth>3</depth>
	</size>
	<segmented>0</segmented>
	<object>
		<name>P</name>
		<pose>Unspecified</pose>
		<truncated>0</truncated>
		<difficult>0</difficult>
		<occluded>0</occluded>
		<bndbox>
			<xmin>1</xmin>
			<xmax>252</xmax>
			<ymin>1</ymin>
			<ymax>349</ymax>
		</bndbox>
	</object>
</annotation>
