<annotation>
	<folder></folder>
	<filename>Q11_jpg.rf.47af03900b486f8e43485cae66983972.jpg</filename>
	<path>Q11_jpg.rf.47af03900b486f8e43485cae66983972.jpg</path>
	<source>
		<database>roboflow.ai</database>
	</source>
	<size>
		<width>408</width>
		<height>408</height>
		<depth>3</depth>
	</size>
	<segmented>0</segmented>
	<object>
		<name>Q</name>
		<pose>Unspecified</pose>
		<truncated>0</truncated>
		<difficult>0</difficult>
		<occluded>0</occluded>
		<bndbox>
			<xmin>162</xmin>
			<xmax>298</xmax>
			<ymin>127</ymin>
			<ymax>258</ymax>
		</bndbox>
	</object>
</annotation>
