<annotation>
	<folder></folder>
	<filename>Q1_jpg.rf.3fe3fa0e6a56f3183eb66124117a35fe.jpg</filename>
	<path>Q1_jpg.rf.3fe3fa0e6a56f3183eb66124117a35fe.jpg</path>
	<source>
		<database>roboflow.ai</database>
	</source>
	<size>
		<width>400</width>
		<height>400</height>
		<depth>3</depth>
	</size>
	<segmented>0</segmented>
	<object>
		<name>Q</name>
		<pose>Unspecified</pose>
		<truncated>0</truncated>
		<difficult>0</difficult>
		<occluded>0</occluded>
		<bndbox>
			<xmin>62</xmin>
			<xmax>305</xmax>
			<ymin>129</ymin>
			<ymax>374</ymax>
		</bndbox>
	</object>
</annotation>
