<annotation>
	<folder></folder>
	<filename>Q24_jpg.rf.27036337a85fbfe7eb30e1b7e75953ce.jpg</filename>
	<path>Q24_jpg.rf.27036337a85fbfe7eb30e1b7e75953ce.jpg</path>
	<source>
		<database>roboflow.ai</database>
	</source>
	<size>
		<width>394</width>
		<height>394</height>
		<depth>3</depth>
	</size>
	<segmented>0</segmented>
	<object>
		<name>Q</name>
		<pose>Unspecified</pose>
		<truncated>0</truncated>
		<difficult>0</difficult>
		<occluded>0</occluded>
		<bndbox>
			<xmin>35</xmin>
			<xmax>323</xmax>
			<ymin>1</ymin>
			<ymax>360</ymax>
		</bndbox>
	</object>
</annotation>
