<annotation>
	<folder></folder>
	<filename>Q4_jpg.rf.16f4e350c0cbfa1238a5a74dfa212e7b.jpg</filename>
	<path>Q4_jpg.rf.16f4e350c0cbfa1238a5a74dfa212e7b.jpg</path>
	<source>
		<database>roboflow.ai</database>
	</source>
	<size>
		<width>408</width>
		<height>408</height>
		<depth>3</depth>
	</size>
	<segmented>0</segmented>
	<object>
		<name>Q</name>
		<pose>Unspecified</pose>
		<truncated>0</truncated>
		<difficult>0</difficult>
		<occluded>0</occluded>
		<bndbox>
			<xmin>58</xmin>
			<xmax>327</xmax>
			<ymin>19</ymin>
			<ymax>321</ymax>
		</bndbox>
	</object>
</annotation>
