<annotation>
	<folder></folder>
	<filename>Q5_jpg.rf.133ce97542d60c224a802c17ccf189ef.jpg</filename>
	<path>Q5_jpg.rf.133ce97542d60c224a802c17ccf189ef.jpg</path>
	<source>
		<database>roboflow.ai</database>
	</source>
	<size>
		<width>394</width>
		<height>394</height>
		<depth>3</depth>
	</size>
	<segmented>0</segmented>
	<object>
		<name>Q</name>
		<pose>Unspecified</pose>
		<truncated>0</truncated>
		<difficult>0</difficult>
		<occluded>0</occluded>
		<bndbox>
			<xmin>71</xmin>
			<xmax>269</xmax>
			<ymin>183</ymin>
			<ymax>334</ymax>
		</bndbox>
	</object>
</annotation>
