<annotation>
	<folder></folder>
	<filename>Q6_jpg.rf.2990cf0353bee3233551a85b199b2aa4.jpg</filename>
	<path>Q6_jpg.rf.2990cf0353bee3233551a85b199b2aa4.jpg</path>
	<source>
		<database>roboflow.ai</database>
	</source>
	<size>
		<width>388</width>
		<height>388</height>
		<depth>3</depth>
	</size>
	<segmented>0</segmented>
	<object>
		<name>Q</name>
		<pose>Unspecified</pose>
		<truncated>0</truncated>
		<difficult>0</difficult>
		<occluded>0</occluded>
		<bndbox>
			<xmin>1</xmin>
			<xmax>272</xmax>
			<ymin>61</ymin>
			<ymax>330</ymax>
		</bndbox>
	</object>
</annotation>
