<annotation>
	<folder></folder>
	<filename>R10_jpg.rf.3104d68ab7dbb2fc602a330051b54f5c.jpg</filename>
	<path>R10_jpg.rf.3104d68ab7dbb2fc602a330051b54f5c.jpg</path>
	<source>
		<database>roboflow.ai</database>
	</source>
	<size>
		<width>408</width>
		<height>408</height>
		<depth>3</depth>
	</size>
	<segmented>0</segmented>
	<object>
		<name>R</name>
		<pose>Unspecified</pose>
		<truncated>0</truncated>
		<difficult>0</difficult>
		<occluded>0</occluded>
		<bndbox>
			<xmin>81</xmin>
			<xmax>274</xmax>
			<ymin>60</ymin>
			<ymax>309</ymax>
		</bndbox>
	</object>
</annotation>
