<annotation>
	<folder></folder>
	<filename>R14_jpg.rf.377a4ada331d1cde46c85c20c2e1c666.jpg</filename>
	<path>R14_jpg.rf.377a4ada331d1cde46c85c20c2e1c666.jpg</path>
	<source>
		<database>roboflow.ai</database>
	</source>
	<size>
		<width>394</width>
		<height>394</height>
		<depth>3</depth>
	</size>
	<segmented>0</segmented>
	<object>
		<name>R</name>
		<pose>Unspecified</pose>
		<truncated>0</truncated>
		<difficult>0</difficult>
		<occluded>0</occluded>
		<bndbox>
			<xmin>37</xmin>
			<xmax>272</xmax>
			<ymin>161</ymin>
			<ymax>394</ymax>
		</bndbox>
	</object>
</annotation>
