<annotation>
	<folder></folder>
	<filename>R3_jpg.rf.430c822f14483f56ac3bcdd51038f71f.jpg</filename>
	<path>R3_jpg.rf.430c822f14483f56ac3bcdd51038f71f.jpg</path>
	<source>
		<database>roboflow.ai</database>
	</source>
	<size>
		<width>408</width>
		<height>408</height>
		<depth>3</depth>
	</size>
	<segmented>0</segmented>
	<object>
		<name>R</name>
		<pose>Unspecified</pose>
		<truncated>0</truncated>
		<difficult>0</difficult>
		<occluded>0</occluded>
		<bndbox>
			<xmin>79</xmin>
			<xmax>314</xmax>
			<ymin>54</ymin>
			<ymax>400</ymax>
		</bndbox>
	</object>
</annotation>
