<annotation>
	<folder></folder>
	<filename>R4_jpg.rf.1e39e76f2b8933561c30caebc8b12fab.jpg</filename>
	<path>R4_jpg.rf.1e39e76f2b8933561c30caebc8b12fab.jpg</path>
	<source>
		<database>roboflow.ai</database>
	</source>
	<size>
		<width>376</width>
		<height>376</height>
		<depth>3</depth>
	</size>
	<segmented>0</segmented>
	<object>
		<name>R</name>
		<pose>Unspecified</pose>
		<truncated>0</truncated>
		<difficult>0</difficult>
		<occluded>0</occluded>
		<bndbox>
			<xmin>93</xmin>
			<xmax>251</xmax>
			<ymin>133</ymin>
			<ymax>364</ymax>
		</bndbox>
	</object>
</annotation>
