<annotation>
	<folder></folder>
	<filename>R4_jpg.rf.11c318efe06da496ef1f0aecc801efe5.jpg</filename>
	<path>R4_jpg.rf.11c318efe06da496ef1f0aecc801efe5.jpg</path>
	<source>
		<database>roboflow.ai</database>
	</source>
	<size>
		<width>392</width>
		<height>392</height>
		<depth>3</depth>
	</size>
	<segmented>0</segmented>
	<object>
		<name>R</name>
		<pose>Unspecified</pose>
		<truncated>0</truncated>
		<difficult>0</difficult>
		<occluded>0</occluded>
		<bndbox>
			<xmin>114</xmin>
			<xmax>290</xmax>
			<ymin>116</ymin>
			<ymax>360</ymax>
		</bndbox>
	</object>
</annotation>
