<annotation>
	<folder></folder>
	<filename>R7_jpg.rf.34371b1e19708906fc3eea222974199d.jpg</filename>
	<path>R7_jpg.rf.34371b1e19708906fc3eea222974199d.jpg</path>
	<source>
		<database>roboflow.ai</database>
	</source>
	<size>
		<width>374</width>
		<height>374</height>
		<depth>3</depth>
	</size>
	<segmented>0</segmented>
	<object>
		<name>R</name>
		<pose>Unspecified</pose>
		<truncated>0</truncated>
		<difficult>0</difficult>
		<occluded>0</occluded>
		<bndbox>
			<xmin>147</xmin>
			<xmax>338</xmax>
			<ymin>110</ymin>
			<ymax>345</ymax>
		</bndbox>
	</object>
</annotation>
