<annotation>
	<folder></folder>
	<filename>R9_jpg.rf.2910775cee2e06ac1c54f826e5f75add.jpg</filename>
	<path>R9_jpg.rf.2910775cee2e06ac1c54f826e5f75add.jpg</path>
	<source>
		<database>roboflow.ai</database>
	</source>
	<size>
		<width>394</width>
		<height>394</height>
		<depth>3</depth>
	</size>
	<segmented>0</segmented>
	<object>
		<name>R</name>
		<pose>Unspecified</pose>
		<truncated>0</truncated>
		<difficult>0</difficult>
		<occluded>0</occluded>
		<bndbox>
			<xmin>30</xmin>
			<xmax>199</xmax>
			<ymin>152</ymin>
			<ymax>367</ymax>
		</bndbox>
	</object>
</annotation>
