<annotation>
	<folder></folder>
	<filename>R9_jpg.rf.3e82bd75477219f4029463bb7b768829.jpg</filename>
	<path>R9_jpg.rf.3e82bd75477219f4029463bb7b768829.jpg</path>
	<source>
		<database>roboflow.ai</database>
	</source>
	<size>
		<width>380</width>
		<height>380</height>
		<depth>3</depth>
	</size>
	<segmented>0</segmented>
	<object>
		<name>R</name>
		<pose>Unspecified</pose>
		<truncated>0</truncated>
		<difficult>0</difficult>
		<occluded>0</occluded>
		<bndbox>
			<xmin>38</xmin>
			<xmax>202</xmax>
			<ymin>140</ymin>
			<ymax>348</ymax>
		</bndbox>
	</object>
</annotation>
