<annotation>
	<folder></folder>
	<filename>S10_jpg.rf.32f769670a7251b82f5b8187a8274414.jpg</filename>
	<path>S10_jpg.rf.32f769670a7251b82f5b8187a8274414.jpg</path>
	<source>
		<database>roboflow.ai</database>
	</source>
	<size>
		<width>372</width>
		<height>372</height>
		<depth>3</depth>
	</size>
	<segmented>0</segmented>
	<object>
		<name>S</name>
		<pose>Unspecified</pose>
		<truncated>0</truncated>
		<difficult>0</difficult>
		<occluded>0</occluded>
		<bndbox>
			<xmin>121</xmin>
			<xmax>369</xmax>
			<ymin>60</ymin>
			<ymax>313</ymax>
		</bndbox>
	</object>
</annotation>
