<annotation>
	<folder></folder>
	<filename>S14_jpg.rf.37a7c8deb4442739e207c7b0d9b7c330.jpg</filename>
	<path>S14_jpg.rf.37a7c8deb4442739e207c7b0d9b7c330.jpg</path>
	<source>
		<database>roboflow.ai</database>
	</source>
	<size>
		<width>406</width>
		<height>406</height>
		<depth>3</depth>
	</size>
	<segmented>0</segmented>
	<object>
		<name>S</name>
		<pose>Unspecified</pose>
		<truncated>0</truncated>
		<difficult>0</difficult>
		<occluded>0</occluded>
		<bndbox>
			<xmin>89</xmin>
			<xmax>362</xmax>
			<ymin>89</ymin>
			<ymax>358</ymax>
		</bndbox>
	</object>
</annotation>
