<annotation>
	<folder></folder>
	<filename>S15_jpg.rf.2df0e77b22859f563d942c137c3425b8.jpg</filename>
	<path>S15_jpg.rf.2df0e77b22859f563d942c137c3425b8.jpg</path>
	<source>
		<database>roboflow.ai</database>
	</source>
	<size>
		<width>410</width>
		<height>410</height>
		<depth>3</depth>
	</size>
	<segmented>0</segmented>
	<object>
		<name>S</name>
		<pose>Unspecified</pose>
		<truncated>0</truncated>
		<difficult>0</difficult>
		<occluded>0</occluded>
		<bndbox>
			<xmin>92</xmin>
			<xmax>305</xmax>
			<ymin>153</ymin>
			<ymax>311</ymax>
		</bndbox>
	</object>
</annotation>
