<annotation>
	<folder></folder>
	<filename>S17_jpg.rf.145203481479c369b4d6e3cac9099ffa.jpg</filename>
	<path>S17_jpg.rf.145203481479c369b4d6e3cac9099ffa.jpg</path>
	<source>
		<database>roboflow.ai</database>
	</source>
	<size>
		<width>388</width>
		<height>388</height>
		<depth>3</depth>
	</size>
	<segmented>0</segmented>
	<object>
		<name>S</name>
		<pose>Unspecified</pose>
		<truncated>0</truncated>
		<difficult>0</difficult>
		<occluded>0</occluded>
		<bndbox>
			<xmin>165</xmin>
			<xmax>325</xmax>
			<ymin>97</ymin>
			<ymax>223</ymax>
		</bndbox>
	</object>
</annotation>
