<annotation>
	<folder></folder>
	<filename>S18_jpg.rf.26fae01896d770e3e5f3ec2eeeefb035.jpg</filename>
	<path>S18_jpg.rf.26fae01896d770e3e5f3ec2eeeefb035.jpg</path>
	<source>
		<database>roboflow.ai</database>
	</source>
	<size>
		<width>412</width>
		<height>412</height>
		<depth>3</depth>
	</size>
	<segmented>0</segmented>
	<object>
		<name>S</name>
		<pose>Unspecified</pose>
		<truncated>0</truncated>
		<difficult>0</difficult>
		<occluded>0</occluded>
		<bndbox>
			<xmin>120</xmin>
			<xmax>321</xmax>
			<ymin>70</ymin>
			<ymax>236</ymax>
		</bndbox>
	</object>
</annotation>
