<annotation>
	<folder></folder>
	<filename>S21_jpg.rf.23bd506ca957f7b9e14dc9a9aacb953c.jpg</filename>
	<path>S21_jpg.rf.23bd506ca957f7b9e14dc9a9aacb953c.jpg</path>
	<source>
		<database>roboflow.ai</database>
	</source>
	<size>
		<width>408</width>
		<height>408</height>
		<depth>3</depth>
	</size>
	<segmented>0</segmented>
	<object>
		<name>S</name>
		<pose>Unspecified</pose>
		<truncated>0</truncated>
		<difficult>0</difficult>
		<occluded>0</occluded>
		<bndbox>
			<xmin>136</xmin>
			<xmax>335</xmax>
			<ymin>110</ymin>
			<ymax>279</ymax>
		</bndbox>
	</object>
</annotation>
