<annotation>
	<folder></folder>
	<filename>S23_jpg.rf.201127639209565a23c897e6eb6a998b.jpg</filename>
	<path>S23_jpg.rf.201127639209565a23c897e6eb6a998b.jpg</path>
	<source>
		<database>roboflow.ai</database>
	</source>
	<size>
		<width>400</width>
		<height>400</height>
		<depth>3</depth>
	</size>
	<segmented>0</segmented>
	<object>
		<name>S</name>
		<pose>Unspecified</pose>
		<truncated>0</truncated>
		<difficult>0</difficult>
		<occluded>0</occluded>
		<bndbox>
			<xmin>142</xmin>
			<xmax>335</xmax>
			<ymin>168</ymin>
			<ymax>325</ymax>
		</bndbox>
	</object>
</annotation>
