<annotation>
	<folder></folder>
	<filename>S28_jpg.rf.015ec81f1c531610f515d4135ae7a335.jpg</filename>
	<path>S28_jpg.rf.015ec81f1c531610f515d4135ae7a335.jpg</path>
	<source>
		<database>roboflow.ai</database>
	</source>
	<size>
		<width>396</width>
		<height>396</height>
		<depth>3</depth>
	</size>
	<segmented>0</segmented>
	<object>
		<name>S</name>
		<pose>Unspecified</pose>
		<truncated>0</truncated>
		<difficult>0</difficult>
		<occluded>0</occluded>
		<bndbox>
			<xmin>87</xmin>
			<xmax>291</xmax>
			<ymin>155</ymin>
			<ymax>324</ymax>
		</bndbox>
	</object>
</annotation>
