<annotation>
	<folder></folder>
	<filename>S9_jpg.rf.2f8f58716b3ec8ff40d81f06bccc9b41.jpg</filename>
	<path>S9_jpg.rf.2f8f58716b3ec8ff40d81f06bccc9b41.jpg</path>
	<source>
		<database>roboflow.ai</database>
	</source>
	<size>
		<width>398</width>
		<height>398</height>
		<depth>3</depth>
	</size>
	<segmented>0</segmented>
	<object>
		<name>S</name>
		<pose>Unspecified</pose>
		<truncated>0</truncated>
		<difficult>0</difficult>
		<occluded>0</occluded>
		<bndbox>
			<xmin>71</xmin>
			<xmax>270</xmax>
			<ymin>169</ymin>
			<ymax>318</ymax>
		</bndbox>
	</object>
</annotation>
