<annotation>
	<folder></folder>
	<filename>S9_jpg.rf.1081df1f92818e03c4c10d34860c4c24.jpg</filename>
	<path>S9_jpg.rf.1081df1f92818e03c4c10d34860c4c24.jpg</path>
	<source>
		<database>roboflow.ai</database>
	</source>
	<size>
		<width>404</width>
		<height>404</height>
		<depth>3</depth>
	</size>
	<segmented>0</segmented>
	<object>
		<name>S</name>
		<pose>Unspecified</pose>
		<truncated>0</truncated>
		<difficult>0</difficult>
		<occluded>0</occluded>
		<bndbox>
			<xmin>78</xmin>
			<xmax>277</xmax>
			<ymin>166</ymin>
			<ymax>308</ymax>
		</bndbox>
	</object>
</annotation>
