<annotation>
	<folder></folder>
	<filename>T10_jpg.rf.03c9848b08c3ed3a90ab61ab89989920.jpg</filename>
	<path>T10_jpg.rf.03c9848b08c3ed3a90ab61ab89989920.jpg</path>
	<source>
		<database>roboflow.ai</database>
	</source>
	<size>
		<width>384</width>
		<height>384</height>
		<depth>3</depth>
	</size>
	<segmented>0</segmented>
	<object>
		<name>T</name>
		<pose>Unspecified</pose>
		<truncated>0</truncated>
		<difficult>0</difficult>
		<occluded>0</occluded>
		<bndbox>
			<xmin>42</xmin>
			<xmax>335</xmax>
			<ymin>105</ymin>
			<ymax>350</ymax>
		</bndbox>
	</object>
</annotation>
