<annotation>
	<folder></folder>
	<filename>T19_jpg.rf.050433a13afd1405f4c96062585d84d3.jpg</filename>
	<path>T19_jpg.rf.050433a13afd1405f4c96062585d84d3.jpg</path>
	<source>
		<database>roboflow.ai</database>
	</source>
	<size>
		<width>392</width>
		<height>392</height>
		<depth>3</depth>
	</size>
	<segmented>0</segmented>
	<object>
		<name>T</name>
		<pose>Unspecified</pose>
		<truncated>0</truncated>
		<difficult>0</difficult>
		<occluded>0</occluded>
		<bndbox>
			<xmin>55</xmin>
			<xmax>339</xmax>
			<ymin>121</ymin>
			<ymax>372</ymax>
		</bndbox>
	</object>
</annotation>
