<annotation>
	<folder></folder>
	<filename>T20_jpg.rf.0812ead96147e8fa4ba6470912a81874.jpg</filename>
	<path>T20_jpg.rf.0812ead96147e8fa4ba6470912a81874.jpg</path>
	<source>
		<database>roboflow.ai</database>
	</source>
	<size>
		<width>384</width>
		<height>384</height>
		<depth>3</depth>
	</size>
	<segmented>0</segmented>
	<object>
		<name>T</name>
		<pose>Unspecified</pose>
		<truncated>0</truncated>
		<difficult>0</difficult>
		<occluded>0</occluded>
		<bndbox>
			<xmin>126</xmin>
			<xmax>346</xmax>
			<ymin>176</ymin>
			<ymax>362</ymax>
		</bndbox>
	</object>
</annotation>
