<annotation>
	<folder></folder>
	<filename>T22_jpg.rf.02e1fc73db34427a44a8888dc77003c6.jpg</filename>
	<path>T22_jpg.rf.02e1fc73db34427a44a8888dc77003c6.jpg</path>
	<source>
		<database>roboflow.ai</database>
	</source>
	<size>
		<width>412</width>
		<height>412</height>
		<depth>3</depth>
	</size>
	<segmented>0</segmented>
	<object>
		<name>T</name>
		<pose>Unspecified</pose>
		<truncated>0</truncated>
		<difficult>0</difficult>
		<occluded>0</occluded>
		<bndbox>
			<xmin>115</xmin>
			<xmax>266</xmax>
			<ymin>137</ymin>
			<ymax>279</ymax>
		</bndbox>
	</object>
</annotation>
