<annotation>
	<folder></folder>
	<filename>T23_jpg.rf.0f0cfab388c8caa6d1d60d56a19e4191.jpg</filename>
	<path>T23_jpg.rf.0f0cfab388c8caa6d1d60d56a19e4191.jpg</path>
	<source>
		<database>roboflow.ai</database>
	</source>
	<size>
		<width>404</width>
		<height>404</height>
		<depth>3</depth>
	</size>
	<segmented>0</segmented>
	<object>
		<name>T</name>
		<pose>Unspecified</pose>
		<truncated>0</truncated>
		<difficult>0</difficult>
		<occluded>0</occluded>
		<bndbox>
			<xmin>64</xmin>
			<xmax>326</xmax>
			<ymin>184</ymin>
			<ymax>404</ymax>
		</bndbox>
	</object>
</annotation>
