<annotation>
	<folder></folder>
	<filename>T5_jpg.rf.27e7b3b0325343fcf5dfc41430a7cc20.jpg</filename>
	<path>T5_jpg.rf.27e7b3b0325343fcf5dfc41430a7cc20.jpg</path>
	<source>
		<database>roboflow.ai</database>
	</source>
	<size>
		<width>384</width>
		<height>384</height>
		<depth>3</depth>
	</size>
	<segmented>0</segmented>
	<object>
		<name>T</name>
		<pose>Unspecified</pose>
		<truncated>0</truncated>
		<difficult>0</difficult>
		<occluded>0</occluded>
		<bndbox>
			<xmin>66</xmin>
			<xmax>233</xmax>
			<ymin>147</ymin>
			<ymax>309</ymax>
		</bndbox>
	</object>
</annotation>
