<annotation>
	<folder></folder>
	<filename>T6_jpg.rf.057836f5c842cf3781bf2bf3183ea5fc.jpg</filename>
	<path>T6_jpg.rf.057836f5c842cf3781bf2bf3183ea5fc.jpg</path>
	<source>
		<database>roboflow.ai</database>
	</source>
	<size>
		<width>398</width>
		<height>398</height>
		<depth>3</depth>
	</size>
	<segmented>0</segmented>
	<object>
		<name>T</name>
		<pose>Unspecified</pose>
		<truncated>0</truncated>
		<difficult>0</difficult>
		<occluded>0</occluded>
		<bndbox>
			<xmin>158</xmin>
			<xmax>378</xmax>
			<ymin>154</ymin>
			<ymax>324</ymax>
		</bndbox>
	</object>
</annotation>
