<annotation>
	<folder></folder>
	<filename>U11_jpg.rf.2b6d6081a62c1243369c5bb8a3b145c5.jpg</filename>
	<path>U11_jpg.rf.2b6d6081a62c1243369c5bb8a3b145c5.jpg</path>
	<source>
		<database>roboflow.ai</database>
	</source>
	<size>
		<width>382</width>
		<height>382</height>
		<depth>3</depth>
	</size>
	<segmented>0</segmented>
	<object>
		<name>U</name>
		<pose>Unspecified</pose>
		<truncated>0</truncated>
		<difficult>0</difficult>
		<occluded>0</occluded>
		<bndbox>
			<xmin>156</xmin>
			<xmax>274</xmax>
			<ymin>142</ymin>
			<ymax>313</ymax>
		</bndbox>
	</object>
</annotation>
