<annotation>
	<folder></folder>
	<filename>U14_jpg.rf.1a8882998b37b6b8fcc46b6683e1f66e.jpg</filename>
	<path>U14_jpg.rf.1a8882998b37b6b8fcc46b6683e1f66e.jpg</path>
	<source>
		<database>roboflow.ai</database>
	</source>
	<size>
		<width>398</width>
		<height>398</height>
		<depth>3</depth>
	</size>
	<segmented>0</segmented>
	<object>
		<name>U</name>
		<pose>Unspecified</pose>
		<truncated>0</truncated>
		<difficult>0</difficult>
		<occluded>0</occluded>
		<bndbox>
			<xmin>124</xmin>
			<xmax>287</xmax>
			<ymin>144</ymin>
			<ymax>370</ymax>
		</bndbox>
	</object>
</annotation>
