<annotation>
	<folder></folder>
	<filename>U16_jpg.rf.2445444f56d04f5268155d271bea301a.jpg</filename>
	<path>U16_jpg.rf.2445444f56d04f5268155d271bea301a.jpg</path>
	<source>
		<database>roboflow.ai</database>
	</source>
	<size>
		<width>394</width>
		<height>394</height>
		<depth>3</depth>
	</size>
	<segmented>0</segmented>
	<object>
		<name>U</name>
		<pose>Unspecified</pose>
		<truncated>0</truncated>
		<difficult>0</difficult>
		<occluded>0</occluded>
		<bndbox>
			<xmin>183</xmin>
			<xmax>291</xmax>
			<ymin>171</ymin>
			<ymax>321</ymax>
		</bndbox>
	</object>
</annotation>
