<annotation>
	<folder></folder>
	<filename>U17_jpg.rf.27ec0390a94f6b8517bd0757bf09761d.jpg</filename>
	<path>U17_jpg.rf.27ec0390a94f6b8517bd0757bf09761d.jpg</path>
	<source>
		<database>roboflow.ai</database>
	</source>
	<size>
		<width>412</width>
		<height>412</height>
		<depth>3</depth>
	</size>
	<segmented>0</segmented>
	<object>
		<name>U</name>
		<pose>Unspecified</pose>
		<truncated>0</truncated>
		<difficult>0</difficult>
		<occluded>0</occluded>
		<bndbox>
			<xmin>57</xmin>
			<xmax>249</xmax>
			<ymin>37</ymin>
			<ymax>302</ymax>
		</bndbox>
	</object>
</annotation>
