<annotation>
	<folder></folder>
	<filename>U22_jpg.rf.23b0f88fbc9d62876bd891370285253d.jpg</filename>
	<path>U22_jpg.rf.23b0f88fbc9d62876bd891370285253d.jpg</path>
	<source>
		<database>roboflow.ai</database>
	</source>
	<size>
		<width>398</width>
		<height>398</height>
		<depth>3</depth>
	</size>
	<segmented>0</segmented>
	<object>
		<name>U</name>
		<pose>Unspecified</pose>
		<truncated>0</truncated>
		<difficult>0</difficult>
		<occluded>0</occluded>
		<bndbox>
			<xmin>117</xmin>
			<xmax>236</xmax>
			<ymin>114</ymin>
			<ymax>278</ymax>
		</bndbox>
	</object>
</annotation>
