<annotation>
	<folder></folder>
	<filename>U7_jpg.rf.0037faea78f8a89329a93006132921b3.jpg</filename>
	<path>U7_jpg.rf.0037faea78f8a89329a93006132921b3.jpg</path>
	<source>
		<database>roboflow.ai</database>
	</source>
	<size>
		<width>390</width>
		<height>390</height>
		<depth>3</depth>
	</size>
	<segmented>0</segmented>
	<object>
		<name>U</name>
		<pose>Unspecified</pose>
		<truncated>0</truncated>
		<difficult>0</difficult>
		<occluded>0</occluded>
		<bndbox>
			<xmin>39</xmin>
			<xmax>348</xmax>
			<ymin>70</ymin>
			<ymax>390</ymax>
		</bndbox>
	</object>
</annotation>
