<annotation>
	<folder></folder>
	<filename>V16_jpg.rf.3f12546ed0295eb779ba0b2d763327ad.jpg</filename>
	<path>V16_jpg.rf.3f12546ed0295eb779ba0b2d763327ad.jpg</path>
	<source>
		<database>roboflow.ai</database>
	</source>
	<size>
		<width>410</width>
		<height>410</height>
		<depth>3</depth>
	</size>
	<segmented>0</segmented>
	<object>
		<name>V</name>
		<pose>Unspecified</pose>
		<truncated>0</truncated>
		<difficult>0</difficult>
		<occluded>0</occluded>
		<bndbox>
			<xmin>113</xmin>
			<xmax>243</xmax>
			<ymin>144</ymin>
			<ymax>334</ymax>
		</bndbox>
	</object>
</annotation>
