<annotation>
	<folder></folder>
	<filename>V16_jpg.rf.2885c17c3b1617053a09501090dbb45e.jpg</filename>
	<path>V16_jpg.rf.2885c17c3b1617053a09501090dbb45e.jpg</path>
	<source>
		<database>roboflow.ai</database>
	</source>
	<size>
		<width>394</width>
		<height>394</height>
		<depth>3</depth>
	</size>
	<segmented>0</segmented>
	<object>
		<name>V</name>
		<pose>Unspecified</pose>
		<truncated>0</truncated>
		<difficult>0</difficult>
		<occluded>0</occluded>
		<bndbox>
			<xmin>168</xmin>
			<xmax>291</xmax>
			<ymin>140</ymin>
			<ymax>326</ymax>
		</bndbox>
	</object>
</annotation>
