<annotation>
	<folder></folder>
	<filename>V17_jpg.rf.18801d8e6ad486e7e038a1565ebf1736.jpg</filename>
	<path>V17_jpg.rf.18801d8e6ad486e7e038a1565ebf1736.jpg</path>
	<source>
		<database>roboflow.ai</database>
	</source>
	<size>
		<width>380</width>
		<height>380</height>
		<depth>3</depth>
	</size>
	<segmented>0</segmented>
	<object>
		<name>V</name>
		<pose>Unspecified</pose>
		<truncated>0</truncated>
		<difficult>0</difficult>
		<occluded>0</occluded>
		<bndbox>
			<xmin>122</xmin>
			<xmax>322</xmax>
			<ymin>124</ymin>
			<ymax>361</ymax>
		</bndbox>
	</object>
</annotation>
