<annotation>
	<folder></folder>
	<filename>V18_jpg.rf.0a1f6c6de13a46327284a44ca57dd0e7.jpg</filename>
	<path>V18_jpg.rf.0a1f6c6de13a46327284a44ca57dd0e7.jpg</path>
	<source>
		<database>roboflow.ai</database>
	</source>
	<size>
		<width>406</width>
		<height>406</height>
		<depth>3</depth>
	</size>
	<segmented>0</segmented>
	<object>
		<name>V</name>
		<pose>Unspecified</pose>
		<truncated>0</truncated>
		<difficult>0</difficult>
		<occluded>0</occluded>
		<bndbox>
			<xmin>122</xmin>
			<xmax>278</xmax>
			<ymin>127</ymin>
			<ymax>339</ymax>
		</bndbox>
	</object>
</annotation>
