<annotation>
	<folder></folder>
	<filename>V20_jpg.rf.0a17a5441685a6b0624935542526846b.jpg</filename>
	<path>V20_jpg.rf.0a17a5441685a6b0624935542526846b.jpg</path>
	<source>
		<database>roboflow.ai</database>
	</source>
	<size>
		<width>394</width>
		<height>394</height>
		<depth>3</depth>
	</size>
	<segmented>0</segmented>
	<object>
		<name>V</name>
		<pose>Unspecified</pose>
		<truncated>0</truncated>
		<difficult>0</difficult>
		<occluded>0</occluded>
		<bndbox>
			<xmin>183</xmin>
			<xmax>311</xmax>
			<ymin>147</ymin>
			<ymax>341</ymax>
		</bndbox>
	</object>
</annotation>
