<annotation>
	<folder></folder>
	<filename>V23_jpg.rf.279b03422f2622fbfae5c28d973abb0a.jpg</filename>
	<path>V23_jpg.rf.279b03422f2622fbfae5c28d973abb0a.jpg</path>
	<source>
		<database>roboflow.ai</database>
	</source>
	<size>
		<width>402</width>
		<height>402</height>
		<depth>3</depth>
	</size>
	<segmented>0</segmented>
	<object>
		<name>V</name>
		<pose>Unspecified</pose>
		<truncated>0</truncated>
		<difficult>0</difficult>
		<occluded>0</occluded>
		<bndbox>
			<xmin>134</xmin>
			<xmax>312</xmax>
			<ymin>124</ymin>
			<ymax>374</ymax>
		</bndbox>
	</object>
</annotation>
