<annotation>
	<folder></folder>
	<filename>V4_jpg.rf.18cdecbaa29fef28b7cb519e11e9fd84.jpg</filename>
	<path>V4_jpg.rf.18cdecbaa29fef28b7cb519e11e9fd84.jpg</path>
	<source>
		<database>roboflow.ai</database>
	</source>
	<size>
		<width>378</width>
		<height>378</height>
		<depth>3</depth>
	</size>
	<segmented>0</segmented>
	<object>
		<name>V</name>
		<pose>Unspecified</pose>
		<truncated>0</truncated>
		<difficult>0</difficult>
		<occluded>0</occluded>
		<bndbox>
			<xmin>168</xmin>
			<xmax>278</xmax>
			<ymin>104</ymin>
			<ymax>259</ymax>
		</bndbox>
	</object>
</annotation>
