<annotation>
	<folder></folder>
	<filename>V8_jpg.rf.13a92e73a072998c0ca9494cc74fc1de.jpg</filename>
	<path>V8_jpg.rf.13a92e73a072998c0ca9494cc74fc1de.jpg</path>
	<source>
		<database>roboflow.ai</database>
	</source>
	<size>
		<width>400</width>
		<height>400</height>
		<depth>3</depth>
	</size>
	<segmented>0</segmented>
	<object>
		<name>V</name>
		<pose>Unspecified</pose>
		<truncated>0</truncated>
		<difficult>0</difficult>
		<occluded>0</occluded>
		<bndbox>
			<xmin>41</xmin>
			<xmax>372</xmax>
			<ymin>20</ymin>
			<ymax>395</ymax>
		</bndbox>
	</object>
</annotation>
