<annotation>
	<folder></folder>
	<filename>V9_jpg.rf.20b7f97dac844ea8738f9f488ec4e25a.jpg</filename>
	<path>V9_jpg.rf.20b7f97dac844ea8738f9f488ec4e25a.jpg</path>
	<source>
		<database>roboflow.ai</database>
	</source>
	<size>
		<width>398</width>
		<height>398</height>
		<depth>3</depth>
	</size>
	<segmented>0</segmented>
	<object>
		<name>V</name>
		<pose>Unspecified</pose>
		<truncated>0</truncated>
		<difficult>0</difficult>
		<occluded>0</occluded>
		<bndbox>
			<xmin>80</xmin>
			<xmax>220</xmax>
			<ymin>184</ymin>
			<ymax>372</ymax>
		</bndbox>
	</object>
</annotation>
