<annotation>
	<folder></folder>
	<filename>W12_jpg.rf.1e4f0a372c9e8fd0fc6de021539af12e.jpg</filename>
	<path>W12_jpg.rf.1e4f0a372c9e8fd0fc6de021539af12e.jpg</path>
	<source>
		<database>roboflow.ai</database>
	</source>
	<size>
		<width>378</width>
		<height>378</height>
		<depth>3</depth>
	</size>
	<segmented>0</segmented>
	<object>
		<name>W</name>
		<pose>Unspecified</pose>
		<truncated>0</truncated>
		<difficult>0</difficult>
		<occluded>0</occluded>
		<bndbox>
			<xmin>83</xmin>
			<xmax>256</xmax>
			<ymin>104</ymin>
			<ymax>365</ymax>
		</bndbox>
	</object>
</annotation>
