<annotation>
	<folder></folder>
	<filename>W17_jpg.rf.1975003e49350c2dca16bfcc3dc2c342.jpg</filename>
	<path>W17_jpg.rf.1975003e49350c2dca16bfcc3dc2c342.jpg</path>
	<source>
		<database>roboflow.ai</database>
	</source>
	<size>
		<width>408</width>
		<height>408</height>
		<depth>3</depth>
	</size>
	<segmented>0</segmented>
	<object>
		<name>W</name>
		<pose>Unspecified</pose>
		<truncated>0</truncated>
		<difficult>0</difficult>
		<occluded>0</occluded>
		<bndbox>
			<xmin>5</xmin>
			<xmax>345</xmax>
			<ymin>77</ymin>
			<ymax>408</ymax>
		</bndbox>
	</object>
</annotation>
