<annotation>
	<folder></folder>
	<filename>W1_jpg.rf.34eb56825318b1dbbe657280dafbdd11.jpg</filename>
	<path>W1_jpg.rf.34eb56825318b1dbbe657280dafbdd11.jpg</path>
	<source>
		<database>roboflow.ai</database>
	</source>
	<size>
		<width>400</width>
		<height>400</height>
		<depth>3</depth>
	</size>
	<segmented>0</segmented>
	<object>
		<name>W</name>
		<pose>Unspecified</pose>
		<truncated>0</truncated>
		<difficult>0</difficult>
		<occluded>0</occluded>
		<bndbox>
			<xmin>49</xmin>
			<xmax>400</xmax>
			<ymin>30</ymin>
			<ymax>400</ymax>
		</bndbox>
	</object>
</annotation>
