<annotation>
	<folder></folder>
	<filename>W21_jpg.rf.1f44eeeee36fee8197435b1a93acbb73.jpg</filename>
	<path>W21_jpg.rf.1f44eeeee36fee8197435b1a93acbb73.jpg</path>
	<source>
		<database>roboflow.ai</database>
	</source>
	<size>
		<width>388</width>
		<height>388</height>
		<depth>3</depth>
	</size>
	<segmented>0</segmented>
	<object>
		<name>W</name>
		<pose>Unspecified</pose>
		<truncated>0</truncated>
		<difficult>0</difficult>
		<occluded>0</occluded>
		<bndbox>
			<xmin>99</xmin>
			<xmax>287</xmax>
			<ymin>83</ymin>
			<ymax>318</ymax>
		</bndbox>
	</object>
</annotation>
