<annotation>
	<folder></folder>
	<filename>W2_jpg.rf.1dc97a95e879879b319ae82d95766ea2.jpg</filename>
	<path>W2_jpg.rf.1dc97a95e879879b319ae82d95766ea2.jpg</path>
	<source>
		<database>roboflow.ai</database>
	</source>
	<size>
		<width>374</width>
		<height>374</height>
		<depth>3</depth>
	</size>
	<segmented>0</segmented>
	<object>
		<name>W</name>
		<pose>Unspecified</pose>
		<truncated>0</truncated>
		<difficult>0</difficult>
		<occluded>0</occluded>
		<bndbox>
			<xmin>1</xmin>
			<xmax>311</xmax>
			<ymin>79</ymin>
			<ymax>374</ymax>
		</bndbox>
	</object>
</annotation>
