<annotation>
	<folder></folder>
	<filename>W4_jpg.rf.407981a1c9711a18ec27088861ce5ed8.jpg</filename>
	<path>W4_jpg.rf.407981a1c9711a18ec27088861ce5ed8.jpg</path>
	<source>
		<database>roboflow.ai</database>
	</source>
	<size>
		<width>400</width>
		<height>400</height>
		<depth>3</depth>
	</size>
	<segmented>0</segmented>
	<object>
		<name>W</name>
		<pose>Unspecified</pose>
		<truncated>0</truncated>
		<difficult>0</difficult>
		<occluded>0</occluded>
		<bndbox>
			<xmin>99</xmin>
			<xmax>260</xmax>
			<ymin>130</ymin>
			<ymax>319</ymax>
		</bndbox>
	</object>
</annotation>
