<annotation>
	<folder></folder>
	<filename>X10_jpg.rf.3b7703995c843a90f795c9be98cf8c31.jpg</filename>
	<path>X10_jpg.rf.3b7703995c843a90f795c9be98cf8c31.jpg</path>
	<source>
		<database>roboflow.ai</database>
	</source>
	<size>
		<width>388</width>
		<height>388</height>
		<depth>3</depth>
	</size>
	<segmented>0</segmented>
	<object>
		<name>X</name>
		<pose>Unspecified</pose>
		<truncated>0</truncated>
		<difficult>0</difficult>
		<occluded>0</occluded>
		<bndbox>
			<xmin>1</xmin>
			<xmax>340</xmax>
			<ymin>46</ymin>
			<ymax>359</ymax>
		</bndbox>
	</object>
</annotation>
