<annotation>
	<folder></folder>
	<filename>X13_jpg.rf.015a5271f775ab06dd3af7cb59264404.jpg</filename>
	<path>X13_jpg.rf.015a5271f775ab06dd3af7cb59264404.jpg</path>
	<source>
		<database>roboflow.ai</database>
	</source>
	<size>
		<width>416</width>
		<height>416</height>
		<depth>3</depth>
	</size>
	<segmented>0</segmented>
	<object>
		<name>X</name>
		<pose>Unspecified</pose>
		<truncated>0</truncated>
		<difficult>0</difficult>
		<occluded>0</occluded>
		<bndbox>
			<xmin>166</xmin>
			<xmax>404</xmax>
			<ymin>106</ymin>
			<ymax>354</ymax>
		</bndbox>
	</object>
</annotation>
