<annotation>
	<folder></folder>
	<filename>X19_jpg.rf.39638b27f1b0cea46dfac471cadab50d.jpg</filename>
	<path>X19_jpg.rf.39638b27f1b0cea46dfac471cadab50d.jpg</path>
	<source>
		<database>roboflow.ai</database>
	</source>
	<size>
		<width>398</width>
		<height>398</height>
		<depth>3</depth>
	</size>
	<segmented>0</segmented>
	<object>
		<name>X</name>
		<pose>Unspecified</pose>
		<truncated>0</truncated>
		<difficult>0</difficult>
		<occluded>0</occluded>
		<bndbox>
			<xmin>150</xmin>
			<xmax>314</xmax>
			<ymin>161</ymin>
			<ymax>330</ymax>
		</bndbox>
	</object>
</annotation>
