<annotation>
	<folder></folder>
	<filename>X1_jpg.rf.2f5945cb8fc34dfe7291f978713425c8.jpg</filename>
	<path>X1_jpg.rf.2f5945cb8fc34dfe7291f978713425c8.jpg</path>
	<source>
		<database>roboflow.ai</database>
	</source>
	<size>
		<width>378</width>
		<height>378</height>
		<depth>3</depth>
	</size>
	<segmented>0</segmented>
	<object>
		<name>X</name>
		<pose>Unspecified</pose>
		<truncated>0</truncated>
		<difficult>0</difficult>
		<occluded>0</occluded>
		<bndbox>
			<xmin>1</xmin>
			<xmax>202</xmax>
			<ymin>60</ymin>
			<ymax>324</ymax>
		</bndbox>
	</object>
</annotation>
