<annotation>
	<folder></folder>
	<filename>X1_jpg.rf.3cccdc1794022c52d9d647df08942bcd.jpg</filename>
	<path>X1_jpg.rf.3cccdc1794022c52d9d647df08942bcd.jpg</path>
	<source>
		<database>roboflow.ai</database>
	</source>
	<size>
		<width>394</width>
		<height>394</height>
		<depth>3</depth>
	</size>
	<segmented>0</segmented>
	<object>
		<name>X</name>
		<pose>Unspecified</pose>
		<truncated>0</truncated>
		<difficult>0</difficult>
		<occluded>0</occluded>
		<bndbox>
			<xmin>179</xmin>
			<xmax>394</xmax>
			<ymin>74</ymin>
			<ymax>344</ymax>
		</bndbox>
	</object>
</annotation>
