<annotation>
	<folder></folder>
	<filename>X5_jpg.rf.23fa082fad08c6660bf2d2852954a723.jpg</filename>
	<path>X5_jpg.rf.23fa082fad08c6660bf2d2852954a723.jpg</path>
	<source>
		<database>roboflow.ai</database>
	</source>
	<size>
		<width>400</width>
		<height>400</height>
		<depth>3</depth>
	</size>
	<segmented>0</segmented>
	<object>
		<name>X</name>
		<pose>Unspecified</pose>
		<truncated>0</truncated>
		<difficult>0</difficult>
		<occluded>0</occluded>
		<bndbox>
			<xmin>175</xmin>
			<xmax>400</xmax>
			<ymin>118</ymin>
			<ymax>382</ymax>
		</bndbox>
	</object>
</annotation>
