<annotation>
	<folder></folder>
	<filename>X7_jpg.rf.396a799d9e21c4fe1477d646dccdb4e3.jpg</filename>
	<path>X7_jpg.rf.396a799d9e21c4fe1477d646dccdb4e3.jpg</path>
	<source>
		<database>roboflow.ai</database>
	</source>
	<size>
		<width>408</width>
		<height>408</height>
		<depth>3</depth>
	</size>
	<segmented>0</segmented>
	<object>
		<name>X</name>
		<pose>Unspecified</pose>
		<truncated>0</truncated>
		<difficult>0</difficult>
		<occluded>0</occluded>
		<bndbox>
			<xmin>42</xmin>
			<xmax>298</xmax>
			<ymin>100</ymin>
			<ymax>406</ymax>
		</bndbox>
	</object>
</annotation>
