<annotation>
	<folder></folder>
	<filename>Y11_jpg.rf.0d8bfe757d18e06519822aac82c4b755.jpg</filename>
	<path>Y11_jpg.rf.0d8bfe757d18e06519822aac82c4b755.jpg</path>
	<source>
		<database>roboflow.ai</database>
	</source>
	<size>
		<width>410</width>
		<height>410</height>
		<depth>3</depth>
	</size>
	<segmented>0</segmented>
	<object>
		<name>Y</name>
		<pose>Unspecified</pose>
		<truncated>0</truncated>
		<difficult>0</difficult>
		<occluded>0</occluded>
		<bndbox>
			<xmin>33</xmin>
			<xmax>395</xmax>
			<ymin>120</ymin>
			<ymax>411</ymax>
		</bndbox>
	</object>
</annotation>
