<annotation>
	<folder></folder>
	<filename>Y12_jpg.rf.38fe9e5980a2feab18e7aba1f019ee5c.jpg</filename>
	<path>Y12_jpg.rf.38fe9e5980a2feab18e7aba1f019ee5c.jpg</path>
	<source>
		<database>roboflow.ai</database>
	</source>
	<size>
		<width>378</width>
		<height>378</height>
		<depth>3</depth>
	</size>
	<segmented>0</segmented>
	<object>
		<name>Y</name>
		<pose>Unspecified</pose>
		<truncated>0</truncated>
		<difficult>0</difficult>
		<occluded>0</occluded>
		<bndbox>
			<xmin>35</xmin>
			<xmax>321</xmax>
			<ymin>62</ymin>
			<ymax>320</ymax>
		</bndbox>
	</object>
</annotation>
