<annotation>
	<folder></folder>
	<filename>Y14_jpg.rf.0b16d04af40a4ed25e305d03692f4f05.jpg</filename>
	<path>Y14_jpg.rf.0b16d04af40a4ed25e305d03692f4f05.jpg</path>
	<source>
		<database>roboflow.ai</database>
	</source>
	<size>
		<width>388</width>
		<height>388</height>
		<depth>3</depth>
	</size>
	<segmented>0</segmented>
	<object>
		<name>Y</name>
		<pose>Unspecified</pose>
		<truncated>0</truncated>
		<difficult>0</difficult>
		<occluded>0</occluded>
		<bndbox>
			<xmin>56</xmin>
			<xmax>363</xmax>
			<ymin>121</ymin>
			<ymax>303</ymax>
		</bndbox>
	</object>
</annotation>
