<annotation>
	<folder></folder>
	<filename>Y1_jpg.rf.3291c526239fe499e71074ac7b608064.jpg</filename>
	<path>Y1_jpg.rf.3291c526239fe499e71074ac7b608064.jpg</path>
	<source>
		<database>roboflow.ai</database>
	</source>
	<size>
		<width>412</width>
		<height>412</height>
		<depth>3</depth>
	</size>
	<segmented>0</segmented>
	<object>
		<name>Y</name>
		<pose>Unspecified</pose>
		<truncated>0</truncated>
		<difficult>0</difficult>
		<occluded>0</occluded>
		<bndbox>
			<xmin>38</xmin>
			<xmax>359</xmax>
			<ymin>97</ymin>
			<ymax>294</ymax>
		</bndbox>
	</object>
</annotation>
