<annotation>
	<folder></folder>
	<filename>Y24_jpg.rf.2fc348b87e7f265e285ccf133587287b.jpg</filename>
	<path>Y24_jpg.rf.2fc348b87e7f265e285ccf133587287b.jpg</path>
	<source>
		<database>roboflow.ai</database>
	</source>
	<size>
		<width>384</width>
		<height>384</height>
		<depth>3</depth>
	</size>
	<segmented>0</segmented>
	<object>
		<name>Y</name>
		<pose>Unspecified</pose>
		<truncated>0</truncated>
		<difficult>0</difficult>
		<occluded>0</occluded>
		<bndbox>
			<xmin>61</xmin>
			<xmax>355</xmax>
			<ymin>83</ymin>
			<ymax>266</ymax>
		</bndbox>
	</object>
</annotation>
