<annotation>
	<folder></folder>
	<filename>Y6_jpg.rf.0b311cacca85c70b2e58d387a50b8788.jpg</filename>
	<path>Y6_jpg.rf.0b311cacca85c70b2e58d387a50b8788.jpg</path>
	<source>
		<database>roboflow.ai</database>
	</source>
	<size>
		<width>374</width>
		<height>374</height>
		<depth>3</depth>
	</size>
	<segmented>0</segmented>
	<object>
		<name>Y</name>
		<pose>Unspecified</pose>
		<truncated>0</truncated>
		<difficult>0</difficult>
		<occluded>0</occluded>
		<bndbox>
			<xmin>43</xmin>
			<xmax>336</xmax>
			<ymin>95</ymin>
			<ymax>280</ymax>
		</bndbox>
	</object>
</annotation>
