<annotation>
	<folder></folder>
	<filename>Y8_jpg.rf.471a4b651ce3aba784805e5373e7994c.jpg</filename>
	<path>Y8_jpg.rf.471a4b651ce3aba784805e5373e7994c.jpg</path>
	<source>
		<database>roboflow.ai</database>
	</source>
	<size>
		<width>372</width>
		<height>372</height>
		<depth>3</depth>
	</size>
	<segmented>0</segmented>
	<object>
		<name>Y</name>
		<pose>Unspecified</pose>
		<truncated>0</truncated>
		<difficult>0</difficult>
		<occluded>0</occluded>
		<bndbox>
			<xmin>32</xmin>
			<xmax>307</xmax>
			<ymin>96</ymin>
			<ymax>353</ymax>
		</bndbox>
	</object>
</annotation>
