<annotation>
	<folder></folder>
	<filename>Z0_jpg.rf.175f325d6ed400b486b3b60a374a8477.jpg</filename>
	<path>Z0_jpg.rf.175f325d6ed400b486b3b60a374a8477.jpg</path>
	<source>
		<database>roboflow.ai</database>
	</source>
	<size>
		<width>400</width>
		<height>400</height>
		<depth>3</depth>
	</size>
	<segmented>0</segmented>
	<object>
		<name>Z</name>
		<pose>Unspecified</pose>
		<truncated>0</truncated>
		<difficult>0</difficult>
		<occluded>0</occluded>
		<bndbox>
			<xmin>204</xmin>
			<xmax>379</xmax>
			<ymin>230</ymin>
			<ymax>357</ymax>
		</bndbox>
	</object>
</annotation>
