<annotation>
	<folder></folder>
	<filename>Z0_jpg.rf.3a019ac06f74cb1935de466f8c861403.jpg</filename>
	<path>Z0_jpg.rf.3a019ac06f74cb1935de466f8c861403.jpg</path>
	<source>
		<database>roboflow.ai</database>
	</source>
	<size>
		<width>376</width>
		<height>376</height>
		<depth>3</depth>
	</size>
	<segmented>0</segmented>
	<object>
		<name>Z</name>
		<pose>Unspecified</pose>
		<truncated>0</truncated>
		<difficult>0</difficult>
		<occluded>0</occluded>
		<bndbox>
			<xmin>190</xmin>
			<xmax>367</xmax>
			<ymin>203</ymin>
			<ymax>335</ymax>
		</bndbox>
	</object>
</annotation>
