<annotation>
	<folder></folder>
	<filename>Z17_jpg.rf.3566bf3ec99ced310d9ae61e1193b4cd.jpg</filename>
	<path>Z17_jpg.rf.3566bf3ec99ced310d9ae61e1193b4cd.jpg</path>
	<source>
		<database>roboflow.ai</database>
	</source>
	<size>
		<width>384</width>
		<height>384</height>
		<depth>3</depth>
	</size>
	<segmented>0</segmented>
	<object>
		<name>Z</name>
		<pose>Unspecified</pose>
		<truncated>0</truncated>
		<difficult>0</difficult>
		<occluded>0</occluded>
		<bndbox>
			<xmin>24</xmin>
			<xmax>211</xmax>
			<ymin>169</ymin>
			<ymax>342</ymax>
		</bndbox>
	</object>
</annotation>
