<annotation>
	<folder></folder>
	<filename>Z24_jpg.rf.0defec3939772e6e585c757e2d83cbcb.jpg</filename>
	<path>Z24_jpg.rf.0defec3939772e6e585c757e2d83cbcb.jpg</path>
	<source>
		<database>roboflow.ai</database>
	</source>
	<size>
		<width>378</width>
		<height>378</height>
		<depth>3</depth>
	</size>
	<segmented>0</segmented>
	<object>
		<name>Z</name>
		<pose>Unspecified</pose>
		<truncated>0</truncated>
		<difficult>0</difficult>
		<occluded>0</occluded>
		<bndbox>
			<xmin>88</xmin>
			<xmax>225</xmax>
			<ymin>233</ymin>
			<ymax>333</ymax>
		</bndbox>
	</object>
</annotation>
