<annotation>
	<folder></folder>
	<filename>Z24_jpg.rf.07aefac43745876d1f4e260afc706b3e.jpg</filename>
	<path>Z24_jpg.rf.07aefac43745876d1f4e260afc706b3e.jpg</path>
	<source>
		<database>roboflow.ai</database>
	</source>
	<size>
		<width>388</width>
		<height>388</height>
		<depth>3</depth>
	</size>
	<segmented>0</segmented>
	<object>
		<name>Z</name>
		<pose>Unspecified</pose>
		<truncated>0</truncated>
		<difficult>0</difficult>
		<occluded>0</occluded>
		<bndbox>
			<xmin>173</xmin>
			<xmax>305</xmax>
			<ymin>228</ymin>
			<ymax>326</ymax>
		</bndbox>
	</object>
</annotation>
