<annotation>
	<folder></folder>
	<filename>Z25_jpg.rf.0f660f6c46cfdf0ac387b7925612b5fb.jpg</filename>
	<path>Z25_jpg.rf.0f660f6c46cfdf0ac387b7925612b5fb.jpg</path>
	<source>
		<database>roboflow.ai</database>
	</source>
	<size>
		<width>400</width>
		<height>400</height>
		<depth>3</depth>
	</size>
	<segmented>0</segmented>
	<object>
		<name>Z</name>
		<pose>Unspecified</pose>
		<truncated>0</truncated>
		<difficult>0</difficult>
		<occluded>0</occluded>
		<bndbox>
			<xmin>151</xmin>
			<xmax>287</xmax>
			<ymin>195</ymin>
			<ymax>294</ymax>
		</bndbox>
	</object>
</annotation>
