<annotation>
	<folder></folder>
	<filename>Z26_jpg.rf.3c87af0145dabb4105f09c8715829d3f.jpg</filename>
	<path>Z26_jpg.rf.3c87af0145dabb4105f09c8715829d3f.jpg</path>
	<source>
		<database>roboflow.ai</database>
	</source>
	<size>
		<width>374</width>
		<height>374</height>
		<depth>3</depth>
	</size>
	<segmented>0</segmented>
	<object>
		<name>Z</name>
		<pose>Unspecified</pose>
		<truncated>0</truncated>
		<difficult>0</difficult>
		<occluded>0</occluded>
		<bndbox>
			<xmin>62</xmin>
			<xmax>191</xmax>
			<ymin>221</ymin>
			<ymax>316</ymax>
		</bndbox>
	</object>
</annotation>
