<annotation>
	<folder></folder>
	<filename>Z6_jpg.rf.1bb2adfb8cfa7d70187286406fcd9852.jpg</filename>
	<path>Z6_jpg.rf.1bb2adfb8cfa7d70187286406fcd9852.jpg</path>
	<source>
		<database>roboflow.ai</database>
	</source>
	<size>
		<width>402</width>
		<height>402</height>
		<depth>3</depth>
	</size>
	<segmented>0</segmented>
	<object>
		<name>Z</name>
		<pose>Unspecified</pose>
		<truncated>0</truncated>
		<difficult>0</difficult>
		<occluded>0</occluded>
		<bndbox>
			<xmin>246</xmin>
			<xmax>402</xmax>
			<ymin>243</ymin>
			<ymax>367</ymax>
		</bndbox>
	</object>
</annotation>
